text,label
"his best friend, could not escape the observation of a young man of nearly the same age with himself, and who had opportunities of seeing him in unguarded moments, which Mr. Darcy could not have. Here again I shall give you pain--to what degree you only can tell. But whatever may be the sentiments which Mr. Wickham has created, a suspicion of their nature shall not prevent me from unfolding his real character. It adds even another motive. My excellent father died about five years ago; and his attachment to Mr. Wickham was to the last so steady, that in his will he particularly recommended it to me to promote his advancement in the best manner that his profession might allow, and if he took orders, desired that a valuable family living might be his as soon as it became vacant. There was also a legacy of one thousand pounds. His own father did not long survive mine; and within half a year from these events Mr. Wickham wrote to inform me that, having finally resolved against taking orders, he hoped I should not think it unreasonable for him to expect some more immediate pecuniary advantage, in lieu of the",0
"Cars have long been viewed as a common method of transportation from point A to point B. However, in the world that we live in cars have become a burden and limited use would be best. Efforts to reduce car usage have shown to reduce the rate of carbon dioxide produced and smog. The elimination of car use would lead way to further development for other methods of transportation. Countries have taken the first step in banning car usage and its citizens have admitted to living nice and happier lives than they had before. Common issues faced by car use is the production of carbon dioxide and the risk of smog. Smog is a health hazard to those with asthma, young children, and the elderly. By limiting the use of a car, carbon dioxide and smog rates would plummet dramatically. When Paris was faced with smog at nearrecord levels driving was banned and after a day of the driving ban smog levels were dropping already. Cars, a major contributor to carbon dioxide production, can decrease the rate of the greenhouse effect by limiting their use. Nearly 50 percent of the United State's greenhouse emissions come from the use of cars alone. By not driving your car the rate of greenhouse emissions would drastically decrease. Besides the nice look to a car, cars are often used because there appears to be no other way to travel long distances. Other methods of transportation such as riding a bicycle, public transportation, and even walking are viable and beneficial methods of transportation. On bike you travel further than you would walking at a faster rate, Bogota has begun the development of 118 miles of bicycle paths in hopes of reducing traffic and carbon dioxide emissions. A near 80 percent of appropriations are used on highways, the rest of the 20 percent are used on other methods of transportation. By finding other methods of transportation ie. walking, biking, public transportation the 80 percent used on highways could be used to greatly improve other methods of transportation, like public transport. The thought of parting from our cars is a terrifying idea, however countries around the world have taken the initiative and made these ideas law, laws that are benefiting their countries. In Germany an experimental community, Vauban, has little to no car activity. 70 percent of its families do not own a car and 57 percent sold their car to move to the community. startlingly, not only is this small community a success but many residents claim to be happier than they were when they owned a car. Columbia, like Germany banned the use of cars for one day in Bogota. Not only is everyone enthusiatic of the event but this day has led to the reduction of smog in Bogota. The question to drive a car is a simple one. Why drive a car when you can walk, ride a bicycle, or can take the bus? By limiting our car use we'll reduce the rate of carbon dioxide emissions and smog. Other countries have tested and proven that life without a car is not only realistic but very beneficial to how one feels. With the options of other forms of transportation we should limit our use of the car. In doing so we'd be improving our lives and the rate of the greenhouse effect.",0
"who believed still less of it, became almost hopeless, more especially as the time was now come, when, if they had gone to Scotland, which she had never before entirely despaired of, they must in all probability have gained some news of them. Mr. Gardiner left Longbourn on Sunday; on Tuesday, his wife received a letter from him: it told them, that on his arrival he had immediately found out his brother, and persuaded him to come to Gracechurch Street. That Mr. Bennet had been to Epsom and Clapham, before his arrival, but without gaining any satisfactory information; and that he was now determined to inquire at all the principal hotels in town, as Mr. Bennet thought it possible they might have gone to one of them, on their first coming to London, before they procured lodgings. Mr. Gardiner himself did not expect any success from this measure; but as his brother was eager in it, he meant to assist him in pursuing it. He added, that Mr. Bennet seemed wholly disinclined at present to leave London, and promised to write again very soon. There was also a postscript to this effect:-- “I have written to Colonel Forster to desire",0
"The Electoral College is not fair and should be abolished. Did you know that 60 percent of voters would prefer a more direct way to vote then what we have now. That is a lot of people who just want a more trustworthy and direct voting process. The Electoral College should be abolished because you can't trust the people you elect, and many states do not even see any electors at all. Having your trust in people who you only see campaigns for on television is pretty hard to do. Honestly that is quite ridiculous for them to ask of us. In source 2, paragraph 11, Plumer tells us about how sometimes ""faithless"" electors disregard their party's candidate and vote for whomever they please. So is it really worth going through the trouble of electing poeple who might not even do as they said they would. Posner on the other hand explains that the trust in the elector is rarely betrayed source 3, paragraph 16. But is it really worth risking four, maybe eight years of our lives to trust poeple we really do not know. Not to mention how it could affect our jobs and lives at home if this does happen. Did you know seventeen states didn't see any candidates at all in the 2000 campaign. In source 2, paragraph 13, Plumer talks about how candidates do not visit states they know the can't win or states that they know they will definintly win. This leaves many states who do not get to see any candidates at all. This makes those states feel like their votes do not count and worry if they their new president willl have any regards for their interest. In source 3, paragraph 19, Posner says that this is a good thing that candidates do not visit states they know the can't win or states that they know they will definintly win because then that candidate can focus on the states that may be undecided or swing states. He believes this is a good thing because a candidate with appeal in only a few states is unlikely to be a good president. But you are leaving out a big proportion of the United States population who would love the expiernce of hearing a cadidate give a passionate speech about why heshe should be elected. We can come to the conclusion that the Electoral College should be abolished because you really can't trust the people you elect, and many states do not even see any electors at all, which then makes them feel worthless. Furthermore, we can say that the new way to elect the president should be more direct and fair.",0
"State Senator, If the slogan of our nation is ""We the people,"" why do we the people not actually get to vote for the president? How can a president win the popular vote but lose the presidency? None of that makes any sense. Our nation needs to abolish the Electoral College and change to election by popular vote for the president of the United States. The system of the Electoral College is irrational, unfair, and not for the citizens. To begin, the Electoral College is unfair to voters. ""Because of the winnertakeall system in each state, candidates don't spend time in states they know they have no chance of winning, focusing only on the tight races in the ""swing"" states."" Plumer, paragraph 13. ""Consider that state legislatures are technically responsible for picking electors, and that those electors could always defy the will of the people."" Plumer, paragraph 11. If the United States is really all about the citizens, then they do not have a good way at showing it. We as citizens live here, and call this nation our home, but yet we can not even elect our own president. The Electoral College is unfair to us as voters. In addition, ""The advocates of this position are correct in arguing that the Electoral College method is not democratic in a modern sense... it is the electors who elect the president, not the people. When you vote for a presidential candidate you're actually voting for a state of electors."" Posner, paragraph 15. That textual evidence came from a passage in defense of the Electoral College! We the people should have a say! This system is not for us as citizens of the United States, and it is wrong! This is our home so let US pick our president. Furthermore, ""... and the most thoughful voters should be the ones to decide the election."" Posner, paragraph 20. This statement is very true because voters should be thorough when voting, but why should we be? It is not like we need to take our time and compare and contrast the presidential candidates. We are not voting for the president of our choice, so what is the point of being thorough? It is wrong to have this system, and it needs to be changed. To conclude, as I have said above, If the slogan of our nation is ""We the people,"" why do we the people not actually get to vote for the president? The system of the Electoral College needs to be abolished. It is not letting us as citizens elect our choice of the president that we want. It is unfair and irrational. I am in favor of changing the system to election by popular vote for the president of the United States.",0
"solemn composure, being run away with by his feelings, made Elizabeth so near laughing that she could not use the short pause he allowed in any attempt to stop him farther, and he continued,-- “My reasons for marrying are, first, that I think it a right thing for every clergyman in easy circumstances (like myself) to set the example of matrimony in his parish; secondly, that I am convinced it will add very greatly to my happiness; and, thirdly, which perhaps I ought to have mentioned earlier, that it is the particular advice and recommendation of the very noble lady whom I have the honour of calling patroness. Twice has she condescended to give me her opinion (unasked too!) on this subject; and it was but the very Saturday night before I left Hunsford,--between our pools at quadrille, while Mrs. Jenkinson was arranging Miss De Bourgh’s footstool,--that she said, ‘Mr. Collins, you must marry. A clergyman like you must marry. Choose properly, choose a gentlewoman for _my_ sake, and for your _own_; let her be an active, useful sort of person, not brought up high, but able to make a small income go a good way. This is my advice.",0
"Dear Florida senator, It is in the interest of your state and your nation that you insist the keeping of the Electoral College system of voting. This is overwhelmingly clear because it allows the presidential candidates to focus on the country as a whole in their campaign trail instead of relying on a single region to win the presidency for them, it has been present in this nation since out founding fathers, and the system also shows a clear winner in the end of the election. In order for the presidential candidate to have a reasonable chance at winning the presidency, he or she has to appeal to the country as a whole instead of just focusing on a particular region. This is all due to the Electoral College. A candidate who is practically assured to win in a region, such as the Northeast, would not campaign as much in those states. The article In Defense of the Electoral College highlights that if that candidate were to become president of the United States, ""The residents of other regions are likely to feel disenfranchised...that their votes do not count...that he really isn't their president."" Just think about that. Imagine having a president who got elected just because he won over the South. It would be as if he or she had only that region's interests at heart and did not care for the rest of the nation. The president is suppose to be the leader for the whole nation, not just a section of it. If this were to happen,the nation would be fractured, all because we got rid of the Electoral College. Some might argue that that probably would never happen, and it might not, but we always have to keep in mind the worse scenarios to ensure the best decisions for the United States. The Electoral College is arguably an old method of voting. It was established by our founding fathers and has been quite realiable over the couple hundred years it has been in service. Admittably, there have been a few blips in the system, but what system doesnt have kinks that need to be rolled out once and a while? It was intended to be ""...a compromise between the election of the President by a vote in Congress and election of the President by a popular vote of qualified citizens."" as explained in What is the Electoral College? Why should this system be outed because of a fleeting feeling of anachronism? The intention of this system is meant to give equal votes to both the people and Congress. The Electoral College system of voting has been under scrutiny lately. It has been a controversial issue. The system has had its share fo faults, but no more than a new system of voting would have. The Electoral College has served its country well and has given voices to the small states, given candidates a broader spectrum on their campaign trail, has been around for over 200 years, and shows a clear winner when all the votes are counted. Don't listen to the people telling you to stop the Electoral system Senator, because it is a valuable part of out nation.",0
"advantages of the match. His being such a charming young man, and so rich, and living but three miles from them, were the first points of self-gratulation; and then it was such a comfort to think how fond the two sisters were of Jane, and to be certain that they must desire the connection as much as she could do. It was, moreover, such a promising thing for her younger daughters, as Jane’s marrying so greatly must throw them in the way of other rich men; and, lastly, it was so pleasant at her time of life to be able to consign her single daughters to the care of their sister, that she might not be obliged to go into company more than she liked. It was necessary to make this circumstance a matter of pleasure, because on such occasions it is the etiquette; but no one was less likely than Mrs. Bennet to find comfort in staying at home at any period of her life. She concluded with many good wishes that Lady Lucas might soon be equally fortunate, though evidently and triumphantly believing there was no chance of it. In vain did Elizabeth endeavour to check the rapidity",0
"A life filled to the brim of better days is what we all want, and limiting car usage has some of these advantages. ""When I had a car I was always tense. I'm much happier this way,' said Heidrun Walter. The sound of children outside of the pollution free community is much more satisfying then getting somewhere with dangers involved. A life without cars is less stressful and more free to explore in safety. Driving tends to make drivers uneasy for fear or crash or being late to work from traffic. ""Mr. Sivak's son lives in San Francisco and has a car but takes Bay Area Rapid Transit, when he can, even though that often takes longer than driving."" Clearly being late to work and stressed is not something people favor epically when getting to work for free is possible. ""Public transit was free of charge from Friday to Monday, according to the BBC."" Instead of spending thousands of dollars expecting an easier lifestyle your neck rests on the chopping block with the blade ever silently above until it completes is mission. Having this ability feels like freedom but it's actually just a fear inducing, death causing machine. A simple healthier life on a bike seems more enjoyable, and even more so when it promotes good health and your life. ""In this new approach, stores are placed a walk away, on a main street, rather than in malls along some distant highway."" Not one person can really enjoy a twenty or forty minute drive to a mall or anywhere for that matter. It's a waste of time, money, and life. Taking a 5 minute walk to a mall is much more beneficial to your body and health than adding gas to your lungs, and it's quicker too. ""Parks and sports centers also have bloomed throughout the city uneven, pitted sidewalks have been replaced by broad, smooth sidewalks rushhour restrictions have dramatically cut traffic and new restaurants and upscale shopping districts have cropped up."" Children playing outside instead of inside on their new tablet could be our future again. Parents don't have enough time to spend thirty minutes driving to a park when their child seems content on their fancy iPhone 6. Shopping is also a favorite anywhere, but it seems to be drifting online. Taking five minutes to walk to the mall and save money on not buying a car or spending money on shipping will give more money to buy stuff! A bonus is no more wrong clothing sizes or ordering a lotion that smells like toilet water. Ease of lifestyle is a desire that can be fulfilled when waving goodbye to miles of road and hello to a new jeans that fit for once. Pollution is a horrible topic that everyone wants to stop, however everyone is ignoring one of its sources. ""After days of nearrecord pollution, Paris enforced a partial driving ban to clear the air of the global city."" It sounds like Earth is becoming like the movie WallE, and next stop is a ship in space leaving this trashed planet behind. Paris is setting a great example at trying to remove pollution for healthier living and a better environment. The United States has clearly been challanged and in its effort to be the best it followed suit, ""...It will have beneficial implications for carbon emissions and the evironment."" It is hard to imagine a healthy ecosystem with flourishing plant and animal life in our current situation. With Paris and the United States assisting in the idea of other transpot methods not only will animals have a better chance at not becoming extinct but so will the human race. Dying of pollution will no longer be a concern and money spent on poison can go to lifes other pleasures. Happiness, fast travel, no pollution, and more new stuff sounds like owning a car right? Carlos Arturo has a taste of the sweet life, ""It's a good opportunity to take away stress and lower air pollution."" Sadly this is not what a car provides because in fact it only reverses these good things. Despair sets in with forty minutes waiting in traffic while clouds of gray swirl into the sky returning a shirt that didn't fit. Reconsidering the advantages of having a car and considering the advantages of limiting car usage is the right way to live a perfect life.",0
"_who describes, with all the gusto and all the innocence in the world, how his wife and his friend induce him to play at blind-man’s-buff. But another_ Spectator _letter--that of the damsel of fourteen who wishes to marry Mr. Shapely, and assures her selected Mentor that “he admires your_ Spectators _mightily”--might have been written by a rather more ladylike and intelligent Lydia Bennet in the days of Lydia’s great-grandmother; while, on the other hand, some (I think unreasonably) have found “cynicism” in touches of Miss Austen’s own, such as her satire of Mrs. Musgrove’s self-deceiving regrets over her son. But this word “cynical” is one of the most misused in the English language, especially when, by a glaring and gratuitous falsification of its original sense, it is applied, not to rough and snarling invective, but to gentle and oblique satire. If cynicism means the perception of “the other side,” the sense of “the accepted hells beneath,” the consciousness that motives are nearly always mixed, and that to seem is not identical with to be--if this be cynicism, then every man and woman who is not a fool, who does not care to live in a fool’s paradise, who has knowledge",0
"Dear Senator, If one could sum up the definition of the Electoral College in a few words, those words would be unessasary and room for error. The Electoral College was established by our fore fathers in the constitution. Paragraph one in What is the Electoral College by the Office of the Federal Register states ""A compromise between election of the president by a popular vote of qualified citizens."" It is more than possible that a change in our voting system could better america in all kinds of ways. I believe that the electoral College takes away the peoples opinion in a way just discreet enough to still call it a democracy. The people still vote and determine the overall outcome of the election, But with an electoral college, there is more then enough room for error. One argument against the Electoral College is in the very purpose of the system. The people votes go to an electors slate that share the same view as you, then they vote for a candidate. This is opposed to the peoples vote going directly to the candidate. This method of voting is if not purposeless then problematic. Electors can betrey your trust and vote for the opposite candidate. A statement from bradford Plumers' The Indefensible Electoral College says ""Can voters control whom their electors vote for? Not always."" In America our society is based off of freedom and the electoral college is not promoting it. Please keep in mind that the legislature is nearly completly responsable for choosing our electors. At any election they could defy the peoples choice. excerpt from The Indefensible Electoral states ""back in 1960, segregationists in the louisiana legislature neary succeeded in replacing the Democratic electors with new electors who would oppose John F. Kennedy."" Electors have occasionally been know for simply refusing to vote for their party's candidate. If this is freedom to vote then there undoubtingly needs to be a change in the near future. candles like the one thay occurred in 1960 rarely happen, but whos to say that it could not happen in the future. Our presidential election is practically based off of trust in our government. The Electoral college does recognize voters from each region of the county but due to the way the system is set up, it does a poor job interpreting the votes of the people. A quote from In Defence of the Electoral College by Richard A. Posner states ""It is entirely possible that the winner of the electoral vote will not win the national popluar vote"" This happened as recently as the election of 2000 Then ask yourself what would really be the harm of ignoring the Electoral College. It only would make the outcome clearer. The American elections differ from most countrys in the way that we are a democracy. we the people can vote. we the people have individual voices that are the composition of the country. The elector college does not oppose this. But rather is opening the doors for corruption. Taking away the Electoral College and replacing it with popular vote, is simply clarifying the peoples decisions, and the peoples decisions is nothing less then America itself.",0
"had made him courteous. Lady Lucas was a very good kind of woman, not too clever to be a valuable neighbour to Mrs. Bennet. They had several children. The eldest of them, a sensible, intelligent young woman, about twenty-seven, was Elizabeth’s intimate friend. That the Miss Lucases and the Miss Bennets should meet to talk over a ball was absolutely necessary; and the morning after the assembly brought the former to Longbourn to hear and to communicate. “_You_ began the evening well, Charlotte,” said Mrs. Bennet, with civil self-command, to Miss Lucas. “_You_ were Mr. Bingley’s first choice.” “Yes; but he seemed to like his second better.” “Oh, you mean Jane, I suppose, because he danced with her twice. To be sure that _did_ seem as if he admired her--indeed, I rather believe he _did_--I heard something about it--but I hardly know what--something about Mr. Robinson.” “Perhaps you mean what I overheard between him and Mr. Robinson: did not I mention it to you? Mr. Robinson’s asking him how he liked our Meryton assemblies, and whether he did not think there were a great many pretty women in the room, and _which_ he thought the prettiest? and his answering immediately",0
"When you think about limiting car usage you might think ""Well how am I supposed to get there. Theres no way i'm able to get to my destination without a car."" Yes, I'm pretty sure we all would'nt want to walk five thousand miles to visit a friend three hours away, but here me out. Doesnt a car make you all tired? Knowing you have to pay a bill every month, or getting gas four times a week. Just imagine a world where thats not a problem. In Vauban Germany they are most of the time a car free zone. Owners of cars aren't allowed to have cars in there garage or in the streets or wherever a car would normally be. They have to keep there cars in a space they buy at the edge of the community for 40,000 plus the paying for their homes. Now I wouldnt want to pay all this money to park my car. Most people in suburban homes sold their vehicles so that they could live there without a problem. Heidren Walter said,"" When I had a car I was always tense. I'm much happier this way."" She says as she's walking down the street she can actual listen to the community of children playing and not be drown out from the loud motor in the car. Now, limiting car usage doesnt mean we all have to walk to our destinations. We could start using bicycles more often and actually get a benefit of working out. Sure it might make you all sweaty and gross. But make a plan to get up a little earlier and then wash up at wherever it is you are to be. And limiting cars doesnt mean every single one of us need to give up our cars. Instead we can find a friend who lives near to us or a fellow coworker and car pool. Instead of all two hundred employes lugging their cars on the road and getting stuck in torturous traffic. make a plan to get five people in a car and instead of two hundred cars on their way to work, there would only be about fourty cars going to the same place. That would clear up our roads and reduce traffic. In France Congestion was down sixty percent after reducing cars. ""Diesel makes up 67 percent of vehicles in France, compared to a 53.3 percent average of diesel engines in the rest of Westurn Europe.."" ,according to Robert Duffer. People today are now worrying to much on their cars and how much it will cost them. Not worrying about jobs and insurance. The invention of the car was not to see who can get the most miles or whos car gets better horse power. It was about helping people get from A to B, and we can do just that. There are many people out here who will think that limiting car use is a waste of time and like to keep things the same. But we can be the generation who changes that. If we could go down to one car a family and start car pooling with one another, or even start using bikes to go to places with our friends, we can help make the community a better place. One day just try. Try walking to the super market. Instead of making your mom drive you and your friends to the mall, try making a plan to all ride your bikes there. It doesnt hurt to try, so try to start.",0
"by his own thoughts to perceive that Sir William Lucas was his neighbour, till Sir William thus began:-- “What a charming amusement for young people this is, Mr. Darcy! There is nothing like dancing, after all. I consider it as one of the first refinements of polished societies.” “Certainly, sir; and it has the advantage also of being in vogue amongst the less polished societies of the world: every savage can dance.” Sir William only smiled. “Your friend performs delightfully,” he continued, after a pause, on seeing Bingley join the group; “and I doubt not that you are an adept in the science yourself, Mr. Darcy.” “You saw me dance at Meryton, I believe, sir.” “Yes, indeed, and received no inconsiderable pleasure from the sight. Do you often dance at St. James’s?” “Never, sir.” “Do you not think it would be a proper compliment to the place?” “It is a compliment which I never pay to any place if I can avoid it.” “You have a house in town, I conclude?” Mr. Darcy bowed. “I had once some thoughts of fixing in town myself, for I am fond of superior society; but I did not feel quite certain that the",0
"I would say that we keep the Electoral College because it has worked over the past century so why change it now. The people voting don't always know what they want in a president they might be undecided and just choose the best looking one. I mean yeah some have their facts straight and know how the president they are voting is going to help the united states become a better country overall. When people have to much freedom they don't know what to do and do wrong choices so i think choosing a elector is a good thing they have studied the president and have heard countless promises that he has done. I mean he or she most likely will vote for the candidate running for president you did because he or she is a elector he or she gets the people who also voted for the same person as he or she wants. I mean we people are still voting we still have the vote just that our vote goes to choosing a certain elector instead of just directly leaving it to the people to vote for a certain candidate running for president. By this the number is much smaller since each country is weighed and is worth certain points and decided by electors you choosed to trust to vote for the same president you did. You still are in control just that you choose somebody heher is not likely to change his or her mind and vote for the exact person you want he or she to vote for. It stated in the article that ""Each candidate running for president in your state has his or her own group of electors. The electors are generally chosen by the candidate's political party."" I say that if the candidate political party chooses the electors then they must be good and the party must be sure the elector won't change his mind out of no where. This does make the candidate running for president try to convience the electors he is the one they need and that he will help our country be better. This also helps the candidate running for president know what states he should go to since some states they already know they lost. It stated in the article that ""A solid regional favorite, such as Romney was in the south,has no incentive to campaign heavily in those states, for he gains no electoral votes by increasing his plurality in states that he knows he will win.""So this keeps the president from having to go to every state because its just no based of popular vote and want every individual person votes for. I think the Electoral college is great and well organized the process is good and the only thing is does is make the voting process more easier and ordered. I think we should keep it i mean it has had his troubles her and there but it has worked so good for such a long time. We don't want to change it and create choas since a lot of people are not use to change and don't take it quite well. I hope this is the way we keep on voting i think its great and that changing it would just make things harder on everybody.",0
"I argue in favor of keeping the electoral college because of the fact that if the popular vote and the vote in congress were to fail, there would be a backup way of casting, counting and recording votes by a qualified group of citizens, as stated in the first paragraph of the prompt. I believe the Electoral College should not be abolished also, for the reason that each candidate for president has an amount of electors chosen, varying on the state laws in effect in the given state he or she is being elected from. Also, an advantage of the Electoral College is also that the winning presidential candidate is awarded all of the electors in most states, except Maine and Nebraska, stated in the seventh paragraph. The College also identifies which electors will represent your state at the meeting of electors, as well as the presidential candidate. Just like almost anything, the Electoral College has flaws, such as electors can be any person not holding public office, and, depending on the state, whoever selects electors may vary. Plus, not everyone can control who their electors vote for, but the Electoral College has been in effect for over 200 years, established by the founding fathers themselves in the Constitution, so why not trust that they knew what they were doing? Besides, when each party selects a slate of electors, they put their trust, which, might I add, is rarely betrayed. But there is the problem that not all winners of electoral votes will not win the national vote such an instance happened in 2000, when Al Gore had more popular votes than George Bush, yet fewer electoral votes. Even so, that was the first time since 1888, as said in paragraph 16. There are a few practical reasons the Electoral College, even though it lacks a democratic pedigree, should be retained. Reason one is a certainty of outcome. An example is in the 2012 election, when Obama recieved 61.7 percent of electoral votes, while rodney recieved 51.3 percent of popular votes. A tie, is also possible, seeing as the total number of votes, 538, is even. Another example is how the electoral college restores some of the weight in political balance, in which large states, populationwise, lose by virtue of the malapportionment of the Senate decreed in the Constitution. The subject of the Electoral Coolege's method of selecting a president is controversial in the sense that it may turn off potential voters for a candidate who has no hope of carrying their state, such as Democrats in Texas, or Republicans in California,when they know their vote will have no effect, their incentive is much less than if it were picked by popular vote.",0
"I believe that we, the people, should elect our presidents by popular vote. although all 48 presidents have been elected by Electoral College, I think its time for some change. In the second source, ""The Indefensible Electoral College: Why even the bestlaid defenses of the system are wrong"" by Bradford Plumber, he states that voters vote not for the president but for a slate of electors. These electors are just simply pledged to whom the voters vote for. The people have no control who their electors really vote for. Now others like in our third source, ""In Defense of the Electoral College: Five reasons to keep our despised method of choosing the President"" written by Richard A. Posner, believe that when we vote for that slate of electors, we can ""trust"" that they will vote for the president the people voted for. In my opinion, I urge you to ask yourself. Can you really trust these electors? How do we know they will vote for the president the people really want? How do we know they won't ignore our votes? How can we trust these electors? Just like what Bradford Plumber said, ""Consider that state legislatures are technically responsible for picking electors, and that those electors could always defy the will of the people."" To some, the electoral college is unfair because of the winnertakeall system in each state. Candidates usually only go to ""swing"" states. ""Swing"" sates are states with tight races. This, if fact, is not fair at all because some states don't even get to see the candidates. In our second source, it clearly states that in he 2000 campaigns, 17 states didn't see the candidates at all. In the third source, it states, ""....Voters in tossup states are more likely to pay close attention to the campaigns... They are likely to be the most thoughtful voters..."". I completely disagree with this because what mathematical, tangible, or hard core evidence is there to physically prove that the people in tossup sates are more thoughful that the people who aren't. I think that candidates should go to states that have more people that are the opposite party. So with this said, I think Electoral College should be no more and we should elect our presidents by popular vote. Thank you and have a wonderful day.",0
"Limiting car usage is a very good idea. It can save a lot of money, keep pollution from happening,and keep people safe. If more people tend to save money because of cars, then they can buy more stuff. If more people save the environment people can have fresh air to breath in. Multiple resources have been found to support the idea that limiting car use can save a lot of money and make the environment safer. For example, ""In German Suburb, Life Goes On Without Cars"" by Elisabeth Rosenthal, it states that ""As a result of buying a parking space for 40,000, 70 percent of vaughn's families do not own cars, and 57 percent sold a car to move here. When I had a car I was always tense. I'm much happier this way,"" said Heidrun Walter."" This quote explains the troubles and tension that one has to deal with when having a car. ""In previous bills, 80 percent of appropriations have by law gone to highways and only 20 percent to other transport."" When Vauban, Germany had cars, their bill went up higher for highways instead of other transports. People should start to use other means of transport instead of cars. In ""Paris bans driving due to smog"" by Robert Duffer, Robert helps explain the reason why driving should be banned. ""Paris enforced a partial driving ban to clear the air of the global city."" Paris is very smart to do that, because cars create pollution. The way that they partially banned driving is that ""Motorists with evennumbered license plates were ordered to leave their cars at home or suffer a 22euro fine 31. The same would apply to oddnumbered plates the following day."" Atleast paris partially protected the environment instead of the whole environment having to be in pollution. In ""The End of Car Culture"" by Elisabeth Rosenthal, the author supports the idea of limiting car usage for the concern of safety. Safety is a really important thing in life. Cars can limit the danger of getting in a car accident. ""He proposed partnering with the telecommunications industry to create cities in which pedistrians, bicycle, private cars, commercial and public transportation traffic are woven into a connected network to save time, conserve resources, lower emissions, and improve safety."" If people did not have cars, then nobody would have to worry about accidents and their safety. In conclusion, limiting driving and the usage of cars can improve the world. It can make it a safer environment, safe money, and stop pollution. These evidences from the excerpts can prove that limiting car usage is a really good idea.",0
"When electing the president of the United States, you must vote in favor of the president you want. However, instead of coming down to popular vote, the system uses the Electrolar College to decide. The electoral Vote works in that the people of a certain states votes for their candidate and the majority of people who vote for a certain president give their votes to a slate of voters. What this means is that the popular vote within a state wins the electoral votes of the electors who then vote for the president. Many people dislike this system including myself. I disaprove of this system because it limits representation, permits the disinterest of voters, and reduces a candidates interest in a state. One major problem with the Electoral College voting system is that it limits representation of the people. The Electoral COllege votes work so that the population of a state directly effects the amount of votes that states receives. For example, Wyoming only has about 500,000 voters so it only receives one electoral college vote. Because there is only one vote for wyoming, the 500,000 voters do not have acurate representation in a vote that has a total of 270 electoral votes. There have also been times in which a president has won the piopular vote but lost the Electoral College vote. This was seen in the 2000 vote of Bush versus Gore when Gore won the popular vote and Bush won the electoral vote. One might claim that because the amount of electoral votes for a state is based of the population, it is fair. However, I believe that the popular vote is more fair because it expresses the opinion of the majority. In some states, there is a large majority of people running for a single party. This can be observed primarily in Texas where an overwhelming majority of voters are Republican. Therefore, the Republican president wins Texas almost every election period. This can be frustrating for Democrats who live in Texas because they know that their vote does not matter causing them to lose interest in voting in the first place. This is not fair for those people nor is it particularly good to express as an American trait. As stated before, the larger the population of a states, the more Electoral College votes that state gets. This leads to a small group of ""big states"" that have such a large amount of votes, they are the target for candidates to try to persuade to vote for them. On the opposite side of the spectrum, most of the other 50 states have a smaller amount of votes and are less of an objective for candidates to acquire. In many states throughout an election preiod the period in which candidates move to diferent states giving speeches the candidates never make an appearance in their state at all. This is observed in the 2000 election in which seventeen states did not have the candidate make an appearance at all. This also can lower interest in voting for the president. The Electoral college voting system is not fair in the way the present system works. The system does not show proper representation of the people, does not promote interest in voting, and causes a candidate to ignore the states in which do not have a large amount of electoral votes. Moving to popular vote will fix all of these problems and will improve the way we vote for our president.",0
"We can all be a superhero. Saving the world from smog. All you have to do is get rid of your car. Sounds impossible, but there are many advantages of limiting car usage. Once you have found another way to go about your day without a car, you might see that your life will improve, along with the Earth. In Vauban, Germany there are many participatory, ""70 percent of... families do not own cars, and 57 percent sold a car to move there""source 1. With the statistics of the greenhouse gas emissions in Europe and United States caused by passenger cars are so shocking, you can see why it is so important to current efforts to drastically reduce emissions from tailpipe. With ""12 percent... in Europe and 50 percent in some carintensive areas in the United States""source 1, it should not come to a surprise to people that we need to look further to invest time to promotioning a no car lifestyle. Although, the United States percentage is so high, a lot of people are also participating in a carfree life, with the internet allowing people to feel more connected they will not need to drive to meet friends. Also ""cellphones and carpooling apps has facilitated more flexible commuting arrangements""source 4, along with ""shared van services for getting to work""source 4 being seen as a way people ""organize their summer jobs and social life around where they can walk or take public transportation or carpool with friends""source 4. With this evolution accuring ""there has been a large drop in the percentage of 16 to 39yearolds getting license""source 4. America is on the right track with fewer cars being bought, less drivers, and fewer licenses as the years go by it can still improve. Some ways that it could improve would be to take some ideas from other countries, such as Paris and Colombia. Where in Paris they have enforced partial driving bans on Mondays that ""motorists with evennumbered license plates are are ordered to leave their cars at home or suffer a 22euro fine""source 2. This establishment helped a great deal leaving ""congestion...down 60 percent...after fivedays of intensifying smog""source 2. Although critics argue that ""delivery companies complained of lost revenue...public transit was free of charge from Friday to Monay""source 2. Also in Bogota, Colombia there is a program that ""promotes alternative transportationg and reduce smog"", a day without cars where ""cars they are ban with only buses and taxis permitted"" source 3. The violators of this programed were charged a 25 fine. These programs would defiantly improve the surburbs, leaving them denser, better for walking and ""more accessible to public transportation""source 1. With these changes ""stores are placed a walk away, on a main street, rather than in malls alongs some distant highway""source 1. The world would become more for the living and less for the machine if we create a trend for a no car zone in all of our daily lifes.",0
"Limiting car usage could have many advantages on our planet. Many cities, such as Vauban in Germany, have given up on using cars to help the world around them. ""vaughn's streets are completely carfree,except the main thoroughfare, where the tram to downtown Freiburg runs, and a few streets on one edge of the community."" There is a movement going on called, ""smart planning"" and Vauban is just one example of a growing trend in Europe of limiting auto use. The article says that passenger cars are responsible for twelve percent of greenhouse gas emissions in Europe. It seems that the people in Europe are realizing that so much car usage is harming their environment, and they are trying to set a trend for other countries like the United States to follow to limit using cars. How much people use their cars is very important. Polluted air is a very widespread problem in many regions of the world. Paris had days of nearrecord pollution, and decided to enforce a partial driving ban to try to help clear the air of the city. The article says that almost 4,000 drivers were fined, and twentyseven had their cars impounded for their reaction to the fine. ""Congestion was down 60 percent in the capital of France, after five days of intensifying smog."" The driving ban helped clear the smog, because it reduced car emissions. Paris has more smog than many other European capitals, which is why reducing how much citizens drive their cars is a good idea. Some cities have days that are completely car free. Bogota, Colombia is one of them. They have been having a Day Without Cars for three straight years. Cars are banned for the day and buses and taxis are the only exception. The city holds about 7 million people, and had a large turnout. ""It's a good opportunity to take away stress and lower air pollution,"" said businessman Carlos Arturo Plaza. The mayor of Asuncion, Paraguay even said that, ""These people are generating a revolutionary change, and this is crossing borders."" The Day Without Cars has even helped stores and sports center come up throughout the city. Instead of shopping centers along a highway, those stores are now in the city and easy to get to without having to use a car. Researchers have been studying America's ways of car usage and driving. America is home to the first cars like the Model T, or ""Mustang Sally."" Vehichles have always been a huge part of culture, but it seems now that that might not be the case anymore. ""As of April 2013, the number of miles driven per person was nearly 9 percent below the peak and equal to where the country was in January 1995."" Researchers are actually hoping that the pattern continues because it will have beneficial implications for carbon emissions on the environment. Transportation is the second largest source, behind power plants, of emissions. Many changes have now happened in America, which are making using cars not as important. ""With all these changes, people who stopped car commuting as a result of the recession may find less reason to resume the habit.."" The article says. If we could slow down the usage of cars and emission, maybe we could help the planet become a better place. Since the percentage of car usage has gone down in America, so has the percentage of getting a license. There has been a large drop in 1639 year olds getting a license, Mr. Sivak's research has found. Older people are also likely to retain their licenses as they age. Mr. Sivak and another man both have children of about the same age, 19 and 21, and live in busy cities where a car could be useful. Neither one of them has their licenses, even though they are interested, but they don't really see the need for one when they can use public transportation or carpool with their friends. The article says that a study last year has also found that driving by young people decreased 23 percent between 2001 and 2009. Whether or not this changes as these young people grow older, these decreases in driving are proving that cars might just not be as important as they used to be. Our planet is just continuing to get worse from emissions from cars. Some countries are starting to realize this and are working hard to limit car usage and have citizens rely just on public transportation, walking, or riding a bike. Bill Ford proposed partnering with the telecommunications industry to create cities in which, ""pedestrian, bicycle, private cars, commercial, and public transportation traffic are woven into a connected network to save time, conserve resources, lower emissions, and improve safety."" Citizens all over the world can work together to reduce car usage and better improve our planet.",0
"In the United States we have been voting for president for many decades. But now there are protest against the process of electing a president. Many argue that the electoral college should be abolished and others feel that we should elect by popular vote. I strongly believe that we should change to popular vote because the electors could defy peoples will, they are unfair to voters, and people arent necessarily voting for their president. To begin with, the electors have the power to defy peoples will. State legislators are responsible for picking electors and those electors can defy the will of people. ""Electors have occasionally refused to vote for their partys candidate and cast a deciding for whomever they please."" said Bradford Plumer.This is not right because the legislatures are picking electors that are using their powers for the worst. Next,the electoral college is unfair to the voters. "" Because of the winnertakesall system in each state,candidates dont spend time in states they know they have no chance of winning,focusing only on the tight races in the 'swing' states."" said Plumer. For example , during the 2000 campaign only 17 states didnt see the candidates all, that includes Rhode Island and South Carolina. Electoral colleges are not being fair to the states and their voters. Lastly, the election process should be changed to popular vote because voters are necessarily voting for the president. Most people think that when they go to vote for their president that their votes are what decides the final outcome, but thats not true!.Its the electoral college that decides that. Some people dont vote for that reason , because they dont think that their vote will change anything. And in the end it does not seem very fair that are votes count by very little. In conclusion, the way we elect are president every four years should be changed. It should go based on popular vote not on electoral college because elector could defy people, they are unfair to voters , and people arent necessarily voting for their president. For all the reason people should be able to vote and they will know that their vote will be counted.",0
"very odd! Yet it did, and even the third. It seemed like wilful ill-nature, or a voluntary penance; for on these occasions it was not merely a few formal inquiries and an awkward pause and then away, but he actually thought it necessary to turn back and walk with her. He never said a great deal, nor did she give herself the trouble of talking or of listening much; but it struck her in the course of their third encounter that he was asking some odd unconnected questions--about her pleasure in being at Hunsford, her love of solitary walks, and her opinion of Mr. and Mrs. Collins’s happiness; and that in speaking of Rosings, and her not perfectly understanding the house, he seemed to expect that whenever she came into Kent again she would be staying _there_ too. His words seemed to imply it. Could he have Colonel Fitzwilliam in his thoughts? She supposed, if he meant anything, he must mean an allusion to what might arise in that quarter. It distressed her a little, and she was quite glad to find herself at the gate in the pales opposite the Parsonage. She was engaged one day, as she walked,",0
"Dear senator, The electoral process is extremely unfair to all the people and citizens in the united states and its totally messed up. The president is not what the citizens vote for but instead they're voting for electors who elects the president. Also there is a ""winner takes it all"" system that is even more messed up. This should definitely be changed to a popular voting process because it's 100x more fair. In this process it's the people that get to vote for the president, not the electors and there is no such thing as a ""winner takes it all system,"" which gives citizens more rights. The Indefensible Electoral College: Why even the bestlaid defenses of the system are wrong , candidates dont spend time in states they know that have no chance of winning. During the 2000 campaign, 17 states didnt see the candidates at all. This is extremely unfair because almost have the states didnt even get to see the campaign!! The most important thing when it comes to electing a president is everyone knowing about it and everyone voting but the whole idea is controversial. Now if there was no such thing as an electoral college system then there wouldnt be a ""winner takes it all"" system and there wouldnt be a big mess. The citizens should be the ones electing the president because I believe that it is the citizens right to choose who they want as their president. The president is the one that is serving the Citizens and decides whats good and bad for them, not the electors. Citizens are the ones that make up a country, without them would there even be a thing as ""the united states?"" I know that you may think that a electoral process is better than popular voting because the electoral college requires a presidential candidate to have a trans regional appeal. According to the article In Defense of the Electoral College: Five reasons to keep our despised method of choosing the President , that means that no region has enough electoral votes to elect a president. This is a good idea, but not the best idea. If we decided the president by popluar vote then this whole thing would be different, we wouldnt have to worry about electoral votes in the regions. Instead we would combine all the popular votes in all of the states to see who has the most votes. As you can probably tell popular voting is so much better than electoral college. Electoral college is too stressful and competely unfair. While popular voting is Easy, simple, and extremely fair to everyone living in the United States. Imagine just the citizens voting for the president and counting the votes and then being done. Now imagine the citizens voting for electors and then counting the votes for that, then having the electors vote for the president and then counting for that. Which is easier and better? If I were you I say that the popular vote is better and I'd change the future elections to popular vote.",0
"Are cars beginning to go out of fashion? Over the last few years, fewer and fewer people are getting their driver's license, and less people are buying cars. That's because walking or taking public transportation where you need to go can be more beneficial than driving. Using alternative transportation decreases stress, lowers air pollution, and eliminates the cost of owning a car. These reasons are causing people to eliminate personal vehicles out of their lives. To begin, using alternative transportation can lower stress. Millions of people around the world face the same problem every morning and afternoon: traffic. Traffic jams cause people to be late for work, causing their stress levels to go up. Stress can lead people into depression or become tense. Eliminating a car from someone's life can allow them to be happy. Instead of driving, many people are starting to walk to work, or take a public bus to where they need to go. If more people begin to stop driving, the roads will be less jammed, which will lower road congestion, leading to less stress. Getting rid of your car can be a key element to eliminating stress. Second, walking or taking a bus lowers air pollution. In France, air pollution was so bad, the government set a oneday ban on driving motorvehicles. Instead, residents could take public busses free of charge, or walk. Anyone who decided to drive their vehicle on the day they were banned, faced a 31 fine. Another city in Colombia also started a similar campaign. Government officials in Bogota, Colombia set a one day ban in the city called ""the Day Without Cars"". The turnout was large, people rode busses, rode bikes, or walked to wherever they needed to go. This eliminated traffic james, and lowered air pollution. Violaters of the ban had to pay a 25 fine. Other countries surely will soon do the same thing. Lastly, the cost to own a car is far too expensive. Buying a car leads to many problems. the cost of paying off your car after you buy it can overwhelm many people. Having to pay hundreds of dollars every month to repair your car or pay for gas can lead you into debt. Many individuals have become homeless because they can't afford to pay for the things they need, such as a car. Without a car, you save thousands of dollars you can use to pay off other things you might owe. To conclude, using alternative transportation instead of a car can be very beneficial. It lowers stress, eliminates air pollution, and eliminates the expenses of a car. More and more people are beginning to outlaw cars from their lives, and it is helping the world as well as themselves.",0
"Electoral College is the way American people get to chose who they want to represent their state or country. Why get rid of a system that has few flaws and gives people a since of picking their people? Electoral College should be kept because gives candidates a fair chance and lets everyone pick a representation. To begin, electoral college gives candidates a fair chance. In source 3 it states "" The Electoral College requires a presidential candidate to have transregional appeal. No region has enough electoral votes to elect a president. This is a desirable result because a candidate with only regional appeal is unlikely to be a successful president."" This explains that even if only a candidate only represent one region of the country electoral college can still give them a chance to win presidency. In source 1 it states "" Each candidate running for President in your state has his or her own group of electors."" This means electoral college gives a candidate a group of supporters to help him or her win a election. furthermore, electoral college gives the people a right to pick a representation. In source 1 it states "" The founding fathers established it in the Constitution as a compromise between election of the President by a vote in Congress and election of the President by a popular vote of qualified citizens"". Everyone who is a United States citizen has the right to vote for who they want for representation for each state. In source 3 it states "" Voters in tossup states are more likely to pay close attention to the campaign to really listen to the competing candidates knowing that they are going to decide the election. They are likely to be the most thoughtful voters, on average, and the most thoughtful voters should be the ones to decide the election"". Thoughtful votes or people who just vote because everyone else is doing it doesnt matter. Everyone could vote for anyone with electoral college. ""Its official: The electoral college is unfair, outdated, and irrational. The best arguements in favor of it are mostly assertions without much basis in reality. And the arguements against direct elections are spurious at best. It's hard to say this, but Bob Dole was right: Abolish the electoral college"". I disagree with this statement because the electoral college gives candidates a fair chance to win electons and the people get to pick who they want to represent their states. In conclusion, electoral college should be kept because it gives candidates a fair chance and allows the people to pick who they want to represent them.",0
"The electoral college is seen both hated and favored by many Americans. Some believe that the electoral college is an efficient way of reciving a effective president and should be continued to be utilziled in America, and others In comparsion with me agrees that the electoral college should be thrown out allowing voting to be more of an ""equal chance"". The vote really doesnt count if your electors of the state dont come to the agreement of the president you would want In the electoral college Secondly, who are the electors? And lastly who pics the electors? this is the circumstances of having the electoral college. First off, the vote really doesnt count if your electors of the state dont come to the agreement of the president you would want. In the electoral college the citizen of that particular state vote for the president of their choice. Afterwards it would be up to the number of electors that pledged for that particular president would earn the runners a number of votes that the state has based on their population. The method used for selecting a president maybe efficient but not correct. It maybe faster and easier to calculate but which would you rather have? An not so good president that was choose by some elector. Or a vote based on what the entire country feels. Not off what a certain side of the country are most likely to do. Secondly, who are the electors? Although these electors are trusted and rarely betrayed, how would we know if it was betrayed during this certain election? What if almost more than half of the electors in every state was influenced,forced or was to ""betray"" that would be an serious issue the election of that particular presdient. This is one of the many questions in having a electoral college. The electors can be influenced by the other electors. which cannot be good for our country. these type of decisions should be made by everyone in the country not 12, 45, or 44 electoral votes. The electoral votes were in the constitution from long ago. These type of systems worked better because the technology wasnt as advanced, but now it is. Why continue on whats already worn out, and out of date? Lastly, how are the electors choose? Because of not always being able to control who their electors of the state choose for it really isnt accurate. If electoral college was and ""correct"" way to choose the presdient, then why arent they publicly announced? How do the people who select the electors? which brings up the possibility of the electors have a strong bias belief in democratsrepublicans. all together the electoral college sounds fishy, if everyone voted on their personal opionion there would be less choas on how the president was selected. Although anachronism may seem like a tradtion in America, that worked when it was created and continues to work now, there are quite of few down falls of this system. things are different now, we America should adjust to the times we are living in. What worked then may not be the best possible choice due to the advancements that we nw have in america. We should be free to vote for our president directly, not through some system that is almost acient. The vote really doesnt count if your electors of the state dont come to the agreement of the president you would want In the electoral college Secondly, who are the electors? And lastly who pics the electors? This is the circumstances of having the electoral college. Maybe soon the country will see the differnce.",0
"The Electoral College should get changed to election by popular vote for the president of the United State. Because the voter's vote are not for the presidents, instead they are actually for the slate electors. Which then go and vote for the president. Which isnt fair because for all we know, the state legislatures choose the electors that could go againts the will of people. Also because of the ""winner take all system in each state."" First of all the voter's votes aren't voting ofr the president, they are technically voting for the slate electors. For example, you think you voted for the president. when actually you hav voted for 34 electors pledged to that president. You won't know who those electors are, and sometimes ""the voters get confused about the electors and accidentally vote for the wrong candidate"". Another thing that could happen is that the state legislatures can choose electors that can go againts with what the people choose. Like for example, ""Back in 1960, segregationists in Louisiana legislature nearly succeeded in replacing the Democratic electors with new electors who would oppose John F. Kennedy"". Also they can completely refuse to vote for their party's candidate and go and vote for who ever they want. Which wouldn't be fair to the people who thought they voted for the candidate. But in reality they voted for a party of electors that can go againts the party's candidate and vote for whomever they please. The ""winner take all system"" is also unfair. because some candidates go to certain states where they know they have a chance of winning. But completely ignore other states that they know they won't have a chance in winning. Like for example, "" During the 2000 campaign, atleast 17 states didnt get to see the candidates at all. Also 25 of the largest media markets didnt get to see a single campaign ad"". So in conclusion, The Electoral College shoud get changed to election by popular vote for the president of the United States. Because The voters vote aren't really voting for the candidate. They are actually voting for the party of electors for the candidate. But those electors can refuse to vote for the candidate and vote for anybody else. Which woudn't be fair to the voter. And finally because the ""winner takes all system isnt' fair"".",0
"seemed to increase on this intimation of her knowing her master. “Does that young lady know Mr. Darcy?” Elizabeth coloured, and said, “A little.” “And do not you think him a very handsome gentleman, ma’am?” “Yes, very handsome.” “I am sure _I_ know none so handsome; but in the gallery upstairs you will see a finer, larger picture of him than this. This room was my late master’s favourite room, and these miniatures are just as they used to be then. He was very fond of them.” This accounted to Elizabeth for Mr. Wickham’s being among them. Mrs. Reynolds then directed their attention to one of Miss Darcy, drawn when she was only eight years old. “And is Miss Darcy as handsome as her brother?” said Mr. Gardiner. “Oh, yes--the handsomest young lady that ever was seen; and so accomplished! She plays and sings all day long. In the next room is a new instrument just come down for her--a present from my master: she comes here to-morrow with him.” Mr. Gardiner, whose manners were easy and pleasant, encouraged her communicativeness by his questions and remarks: Mrs. Reynolds, either from pride or attachment, had evidently great pleasure in talking of",0
"Many places around the world are limiting the usage of cars. If more places created regulations like these, it may drastically change the environment, for the better. Vauban, a suburb in Germany, made conditions in the neighborhood almost impossible to own a car. While it may seem like an annoyance, many of the residents are happier this way. According to Heidrun Walter, a resident of Vauban, ""When I had a car I was always tense, I'm much happier this way."" While many people may see having to give up or not use their can an annoyance, if they get used to it they might find that not using their cars may be a good thing. Instead of having to hear car engines and honking horns, they can take a relaxing walk or even a bike ride somewhere. Limiting car usage would also be very helpful in cleaning up the environment. In ""In German Suburb, Life Goes On Without Cars"" the author states, ""Passenger cars are responsible for 12 percent of greenhouse gas emissions in Europe...and up to 50 percent in carintensive areas in the United States."" Limiting the amount people can drive their cars could reduce a hefty amount of pollution in our air. In France, they limitied the amount of people who were allowed to drive for two days. Paris has more pollution in their air then most European cities, but putting regulations on who could drive significantly reduced the amount of smog in just a few days, according to Robert Duffer. Putting regulations on car usage can also make the area you live in a much nicer place. In Colombia, a few cities have an annual ""Day Without Cars"", where citizens are fined for using their cars. As a result, things like restaurants and malls have been being built. They are repairing more sidewalks and building new bicycle paths. Parks are being used more often. The communities would be much nicer places with out the frequent use of cars. Limiting the use of cars is a very good thing. It helps the environment, and it helps make the world a nicer place.",0
"of herself, she endeavoured to forget what she could not overlook, and to banish from her thoughts that continual breach of conjugal obligation and decorum which, in exposing his wife to the contempt of her own children, was so highly reprehensible. But she had never felt so strongly as now the disadvantages which must attend the children of so unsuitable a marriage, nor ever been so fully aware of the evils arising from so ill-judged a direction of talents--talents which, rightly used, might at least have preserved the respectability of his daughters, even if incapable of enlarging the mind of his wife. When Elizabeth had rejoiced over Wickham’s departure, she found little other cause for satisfaction in the loss of the regiment. Their parties abroad were less varied than before; and at home she had a mother and sister, whose constant repinings at the dulness of everything around them threw a real gloom over their domestic circle; and, though Kitty might in time regain her natural degree of sense, since the disturbers of her brain were removed, her other sister, from whose disposition greater evil might be apprehended, was likely to be hardened in all her folly and assurance, by",0
"work of her brother, and without looking farther, it was satisfactory; it was gratifying to know that his resentment had not made him think really ill of her. They now walked on in silence; each of them deep in thought. Elizabeth was not comfortable; that was impossible; but she was flattered and pleased. His wish of introducing his sister to her was a compliment of the highest kind. They soon outstripped the others; and when they had reached the carriage, Mr. and Mrs. Gardiner were half a quarter of a mile behind. He then asked her to walk into the house--but she declared herself not tired, and they stood together on the lawn. At such a time much might have been said, and silence was very awkward. She wanted to talk, but there seemed an embargo on every subject. At last she recollected that she had been travelling, and they talked of Matlock and Dovedale with great perseverance. Yet time and her aunt moved slowly--and her patience and her ideas were nearly worn out before the _tête-à-tête_ was over. On Mr. and Mrs. Gardiner’s coming up they were all pressed to go into the house and take some refreshment; but",0
"The Electoral College is a very useful and easy was of voting. According to thee article ""What Is thee Electoral College"" by thee Office of thee Federal Register, ""The Electoral College process consists of thee selection of the electors, thee meeting of thee electors where theey vote for President and Vice President, and thee counting of thee electoral votes by Congress."" Basically we vote for our electors which theen theey vote for thee President which seem to be working just fine why change it? There are many resons why people are in favor of changing thee Electoral College for popular vote. In thee article ""Why even thee bestlaid defenses of thee system are wrong"" by Bradford Plumer he asks ""Can voters control whom theeir electors vote for?"" Then answers himself withe ""Not always."" This may be true but voters do get to vote for theier electors and it is thee voters job to vote for thee one theey believe will choose thee right president. The people need to put faithe in theier electors, and even if thee Electoral College was changed to popular vote theey would have to vote for thee president and put faithe in him or her to make thee right decisions for theem, is theey same basic theing but having electors are just anotheer step. ""The Electoral College restores some of thee weight in thee political balance theat large states by population lose by virtue of thee malapportionment of thee Senate decreed in thee Constitution"" This was stated in thee article "" Five reasons to keep our despised metheod of choosing thee President"" by Richard A. Posner. This is a very good point he made, thee larger states get more attention thean thee smaller states when it comes to popular voting in presidential elections because theey have a much larger population giving theem more votes. When it comes to popular voting theere have been times where no candidate has a majority cast of votes and thee Electoral College Prevents theat problem. In 1968 Nixon received 43 percent plurality or more votes thean thee otheer candidates but still not receving a clear majority of votes in thee popular votes same withe Clinton in 1992 but theey bothe won majority in thee electoral College, so theere was no need for and runoff election. I believe theat we shouldn't change thee Electoral College for popular votes thee way we arevoting now is working just fine and it makes it so larger states like Texas don't get more of an impact on thee election because of theier population thean smaller states like Rhode Island. Also thee Electoral College prevents Runoff elections. Even theough some believe thee Electoral College as an anachronism I theink theat thee Electoral College is still a good way of voting.",0
"it is many months since I have considered her as one of the handsomest women of my acquaintance.” He then went away, and Miss Bingley was left to all the satisfaction of having forced him to say what gave no one any pain but herself. Mrs. Gardiner and Elizabeth talked of all that had occurred during their visit, as they returned, except what had particularly interested them both. The looks and behaviour of everybody they had seen were discussed, except of the person who had mostly engaged their attention. They talked of his sister, his friends, his house, his fruit, of everything but himself; yet Elizabeth was longing to know what Mrs. Gardiner thought of him, and Mrs. Gardiner would have been highly gratified by her niece’s beginning the subject. [Illustration] Chapter XLVI. [Illustration] Elizabeth had been a good deal disappointed in not finding a letter from Jane on their first arrival at Lambton; and this disappointment had been renewed on each of the mornings that had now been spent there; but on the third her repining was over, and her sister justified, by the receipt of two letters from her at once, on one of which was marked that",0
"Dear Senator, Have you ever thought about changing a certain system of voting that is currently in place? This system that I am talking about is the electoral college system, used for voting for president, vice president and sometimes other congressmen. This system unites both views from small states and big states, having two senators per state, no matter the size, and also acquires electors based on population. Some people think that this is an effective system and should not be replaced because everyone is president and because of the presence of swing and big states, as stated in source 3, but I beg to differ. I strongly feel that this system should be removed because it is inaccurate, the electors vote, and lastly because of the disaster factor. Additionally, The reason why I don't agree with this current system is an issue that can have multiple consequences and none are positive, which is that the electors vote, not you. We do not have the ability to vote for president, we only acquire the ability to vote for the electors that will hopefully vote for the president of your choice. Sometimes, the elector completely disregards what the people want and who the people are voting for, and they do have this ability to ignore the majority preference and vote for the opposite candidate of the people's choice. If their is a tie situation,as stated in source 2, in which both presidents have the same amount of votes, the case is tossed to the House of Representatives, where state electors who would normally vote for the vice president is now obligated to vote for the president. Additionally, another reason that this system be removed immediately for the reason that it is not very accurate. This system doesn't show who the people actually want to vote for, it just gives the electors some ideas as to who to cast their vote for. So in reality, the people are actually voting for the electoral college and the electors, as opposed to voting directly for the president. According to source 1, most states have a ""winnertakeall"" system in place in which all votes are awarded to one candidate and is not based on personal opinion. This shows who the state in general or in majority wants to be awarded president but in source 2 it states, if you want to vote for a democrat and your state is a republican state you have no choice as an individual to change your state's opinion. Referring back to source 1, when you vote for your candidates you are actually voting for your candidate's electors, so if your candidate wants to change opinion, you have no choice. And it shouldn't be like that , we shouldn't have to indirectly choose our president hoping that our messenger doesn't change hisher mind. Finally, the last and, in my opinion, the most significant issue to this system is the fact that a disaster factor could take place in any election. Looking back to source 2 and also in source 3, we caught a glimpse of this unfortunate situation in the 2000 election between Bush and Gore. But this was just a minor part as to what this system is capable of and can do. Another example stated in source 2, in 1960 segregationists almost succeeded in replacing the democratic electors with other electors that would be contrary to John F. Kennedy and would throw him off. According to source 1, each candidate has his or her own group of electors, but there is a possibility that these electors could revolt against his candidates and vote for the candidate's opponent. To conclude, I feel that this system used for voting the presidents and vice presidents should be replaced by another system that does have a direct correlation to the voters opinion and who they choose in their voting screen. Not accurate, electors vote not people and the disaster factor these are all flaws that I have found in this system that is currently in place and I feel that this should be fixed. So I agree with Richard Nixon, Jimmy Carter and Bob Dole where they believe that the electoral college should be abolished and replaced by a better system.",0
"The senate should remove the Electoral college and make the popular vote system the main way on deciding who's president. The electorsal college seem's to have many flaw's that can make voting a disaster. Voter's aren't truely voting for a president, they vote for a slate of candidates who then vote for president. The worst part about this type of voting is the disaster factor sourse 2:paragraph 11. It clearly says "" segragationists in the louisiana legislature nearly succeede in replacing the democratic electorss with new electorss who would oppose John F. Kennedy. This shows that the results of an electorsal college can sometimes not be decided by the people, but mostly on the electorss of each state. People say the the electorsal college is an easier,cleaner, and faster method, but when it comes for the people to vote for president The electorsal college system wont suit what the people mainly would like. The electorsal college is an unfair way to vote for president, During the 2000 caspian program, seventeen states didn't see the candidates at all, including Rhode Island and South Carolina, and voters in 25 of the largest media markets didn't get to see a single campaign ad.sourse 2: paragraph 13. These things shows that the candidates dont care about having the smaller states votes, but wants bigger populated states like california and texas. This is often called a "" Winnertakeall"" system since it each state doesn't get to see what there electors is really all about. Also it can show that with the electorsal college, electorss can vote for a president who is regionally favorable and not nationaly. This can often make the voters feel less satisfied with thier president since there president might not show interest in there opinions. The Electoral college also avoids the problem of elections in which there is little to no popular votes what so ever. Nixon in 1968 and clinton in 1992 both had only a 43 percent plurality of the popular votes,while winning a majority in the Electoral College sourse 3: paragraph 22.This goes to show that the Peoples votes dont usually matter when it comes to voting for a president but the electorss do. Once agian,The senate should remove the Electoral college and make the popular vote system the main way of deciding who's president. This will be benifitial to many states that want to be involved in the election but feel that there saying in things wouldn't matter.",0
"Dear Senator, Presidential elections are closer than they seem, and your people have a complaint you need to hear. It involves the right to vote directly for a leader, and the ignoring of the vast majority. People have spoken in favor of omitting the Electoral College and sticking to what the people themselves deem acceptable for a president not what one person decides for millions. It does not make sense for the voters of America not to vote directly for who they want to lead, represent, and protect their country. Especially if the people cannot even choose who the electors are! That is ignoring the 23rd Amendment all together. But do not get me wrong, I understand that some people are more comfortable with the Electoral College and they prefer to leave it in the hands of somebody politically intelligent and aware, but that usually means that those people need education and knowledge about the state of their country, and need to be aware of how important their right to vote directly is. The Electoral College can go so wrong so fast and we need to go by what the majority millions say rather than the minorities with little to no knowledge. Us as Americans need to be educated when it comes to who is running in order for us to be able to say yes or no for ourselves not depend on an unknown entity who might not even listen to what the people are saying. So many great people who were voted most popular and accepted amongst the people have actually lost presidency over the fact that the College had the upper hand. This is unfair to those in America who took the time to directly vote and who took the time to learn and watch debates that the opponent won due to the fact that thousands upon thousands did not speak for themselves and left it to somebody else blindly. In conclusion, Senator, I am asking you to think: is there ever really a happy turn out from ignoring the vast majority or doesn't that lead to an eventual uprising? Letting one speak for all is an unitelligent thought, we are a country where the people have power, have a voice, and are aware. Losing that is losing what makes us free. We all need the vote, we all need the voice, and we all have the right to choose exactly what we want for the future of this country. Thank you for your time, and thank you for listening.",0
"Gardiner and the children were to remain in Hertfordshire a few days longer, as the former thought her presence might be serviceable to her nieces. She shared in their attendance on Mrs. Bennet, and was a great comfort to them in their hours of freedom. Their other aunt also visited them frequently, and always, as she said, with the design of cheering and heartening them up--though, as she never came without reporting some fresh instance of Wickham’s extravagance or irregularity, she seldom went away without leaving them more dispirited than she found them. All Meryton seemed striving to blacken the man who, but three months before, had been almost an angel of light. He was declared to be in debt to every tradesman in the place, and his intrigues, all honoured with the title of seduction, had been extended into every tradesman’s family. Everybody declared that he was the wickedest young man in the world; and everybody began to find out that they had always distrusted the appearance of his goodness. Elizabeth, though she did not credit above half of what was said, believed enough to make her former assurance of her sister’s ruin still more certain; and even Jane,",0
"Dear Senator Adams, Voting for a president is not what it seems to be. The electoral college makes the people's votes so that the electors are actually voted. These electors vote for the president in favor of their party which is not always trustworthy or reliable. The popularity winner can also lose, due to lack in electoral votes. Many voters are still confused or don't know how the system works. In reality, electoral system is outdated and should be tweaked of how it would work today. To begin with, Electors that are voted for by the people are not always trustworthy. They're hand picked by their political party but sometimes,""state laws vary on how the electors are selected and what their responsibilities are...""Does The Electoral. Voters can't control who their electors vote for president. The electoral college should be changed to popularity votes because, ""the electors could always defy the will of people""The Indefensible Electoral. This is unreliable and the way of voting by the people can be easily swayed by the electors. Additionally, the popularity winner can lose by having less electoral votes. Voters can be discouraged to elect their president when really the electors do the job. This situation has happened when,""Gore had more popular votes than Bush yet fewer electoral votes""In Defense Of. Any election, voters can expect another close election in which the popular winner could again lose the presidency. The electoral college is unstable and this major downside is a factor. More over, many voters are still confused or don't know how the system works. In this article it states that, ""voters sometimes get confused about the electors and vote for the wrong candidate""The Indefensible Electoral. The electoral college does not clarify to voters on what the people are actually voting for. In another article it explains that people actually voted for a slate of electors. This would mean that the author had to reassure the right understanding. Readers of that article who've voted are now in disbelief or shocked. In conclusion, the electoral college should be addressed to a win by popularity. The electors in favor of their political party are not always trustworthy. The popularity winner can lose due to lack in electoral votes. Also, many voters are confused or don't know how the electoral college works in presidential elections. These facts add on to more cons than pros of the idea of electoral college.",0
"The Electoral College is a system that should no longer be used because it is based on an outdated system from the first years of our country's independence. It would be much more beneficial to use the popular vote as the final vote. One reason is that one candidate can get more votes, but still lose the election! Another is that many states never get to see the potential president speak, as to make their descion. Lastly voting would be easier to count and to understand for citizens and those who work the election. In 2000, the electoral college failed to properly represent our country's people. More people voted for Al Gore, but Bush still won the election. In the states where Bush did win, it made the people who voted for Al Gore insignificant and their votes would never again be considered. Even if in every state a particular candidate won by one vote, that person would still get every electoral vote, because they won the state, this is mostly an issue in large states. This is unfair to the losing candidate because their voters never really got a chance. If it was a popular vote, voting would be much more direct and easier to understand. Citizens might even be unaware that they aren't really voting for the president, they are voting for their electoral college representative. With popular vote, there would be no more confusion, and no more worrying about comparing the two voting methods. Another reason is that some states may never get a chance to see their potential president speak. Potential presidents tend to go speak in swing states, or states that may vote either for them or for their opponent, since it is based on the states vote not the individual people. When a president goes to speak in a swing state they are convincing people that it will be a better choice to vote for them, not the other candidate. If somebody lived in Rhode Island, for example, they would never get the chance to see their potential president speak, therefore they would have to make their descion based on television speeches, newspaper articles, etc. Also states that tend to vote one way or another often do not get visited because there is no point in trying to convince a state to vote for you that is definitley already going to vote you, to vote for you, and vice versa. Swing states with high populations are really the only states that are visited. It is no promise that the potential president will go to every state or even every region, but they will more likely than not visit different states than they would have before. If popular vote decided who would become president, it likely would no longer be true for presidents to only visit swing states. Last, the entire election process would be much more simplistic. There would be a whole group of people who no longer would have to be a part of the process, and the less people, the less mistakes. Also each state could still add up their votes, then add all the state's votes together and voila, the president has been chosen, by the people. There would be no more arguments as to who really won the election, as in popular vote versus electoral college. Also there would be much less of a chance for a tie, the more numbers the less each number is worth. Overall, the electoral college adds unecessary complications to a potentially simple system. The popular voting system would still be difficult to take care of, but much better than the previous system, the despised electoral college. Throughout the years we have seen twice where our course of history could have been radically changed, with a different president. The popular vote system would increase the power of the people, allow more people to see the president speak, and get rid of unecessary complications and confusion of the electoral college.",0
"She had also asked him twice to dine at Rosings, and had sent for him only the Saturday before, to make up her pool of quadrille in the evening. Lady Catherine was reckoned proud by many people, he knew, but _he_ had never seen anything but affability in her. She had always spoken to him as she would to any other gentleman; she made not the smallest objection to his joining in the society of the neighbourhood, nor to his leaving his parish occasionally for a week or two to visit his relations. She had even condescended to advise him to marry as soon as he could, provided he chose with discretion; and had once paid him a visit in his humble parsonage, where she had perfectly approved all the alterations he had been making, and had even vouchsafed to suggest some herself,--some shelves in the closets upstairs. “That is all very proper and civil, I am sure,” said Mrs. Bennet, “and I dare say she is a very agreeable woman. It is a pity that great ladies in general are not more like her. Does she live near you, sir?” “The garden in which stands my humble abode is",0
"The culture of the cars is a easier way of transportation for the people, yet do the people know that these cars are space consumers and cause smog in most areas of the world. By just reducing the amount of cars invarious locations the amount of space would increase the therefore make town or city more accessible for the large population. this change of culture may benefit the population by just having the public transportation and biking. To begin with the space consuming in suburbs makes it hard most people make a living in the tight area and having the certain parking areas may be the only way to have the space needed to get to where they need to be, yet its all timed. this makes people more tense when they had to worry of a parking spot. The people in Germany weren't allowed to park the sides of the road and have drive ways unless they payed an extra 40,000 along with a home. As said the text vayan, had completed a trend of separating the car use from the suburban life, this is what they called the smart planning. also to include that other areas of the world such as Beijing, China, has to worry more the amount of smog polluting their air and making people ill. In Paris, France, diesel fuel was blamed for the pollution because most of the cars were made up of this fuel. they were rank the most polluted area compared other locations. Therefore to reduce the amount of the complaints of the lack of space and pollution the want to either rid of the cars or just buy more plugincars and hybrids for cleaner air. Not to mention, that in Bogota, Colombia they completely banned the cars from their country for a day to promote an alternative transportation and reduce the smog. the violators are faced 25 fines. As said the text, the stress level has dropped and therefore has made easier for the people to more around and not get so aggravated. The authorities from other countries came to the event to see what they had in store for the this program, and as said in the text the authorites say that ""these people are generating a revolutionary change and this is crossing borders. And in the United States, President Obama has ""ambitious goals to curb the United States' greenhouse gas emissions"" Americans are buying fewer cars and are getting fewer licenses. By creating a new network that has the pedestrians have bicycles, private cars and commercial and public transportation. this to show time saved, conserved resources, lower emissions and improve safety. by not just completly getting rid of cars but just reducing it, it may help them to have more smooth system. To conclude this, the culture of cars has been a issue for someyears and in some areas very diificult to handle therefore they have created a more effiecent way to make life easier for most people. the world has to reduce the smog and increase the space for more compact living and larger populations. By not to get rid of the culture car completly but to just reduce it can be benificial to the people and the world.",0
"you have been telling me,” said she. “Your cousin’s conduct does not suit my feelings. Why was he to be the judge?” “You are rather disposed to call his interference officious?” “I do not see what right Mr. Darcy had to decide on the propriety of his friend’s inclination; or why, upon his own judgment alone, he was to determine and direct in what manner that friend was to be happy. But,” she continued, recollecting herself, “as we know none of the particulars, it is not fair to condemn him. It is not to be supposed that there was much affection in the case.” “That is not an unnatural surmise,” said Fitzwilliam; “but it is lessening the honour of my cousin’s triumph very sadly.” This was spoken jestingly, but it appeared to her so just a picture of Mr. Darcy, that she would not trust herself with an answer; and, therefore, abruptly changing the conversation, talked on indifferent matters till they reached the Parsonage. There, shut into her own room, as soon as their visitor left them, she could think without interruption of all that she had heard. It was not to be supposed that any other people could be",0
"The state senator that is reading this should understand that in my favor keeping the Electoral College is the wise thing to do. It will avoid runoff elections and how it always has a process if something happens and that the process is fairhence Electoral College would be the best. To start off, the Electoral College helps with elections be cause it avoids runoff elections. In other words it keeps us from running into problem where neither candidate gets the majority of the the votes cast. For example, in 1968 president Nixon and Clinton in 1992 each had 43 percent of the popular votes but because their electoral votes was 301 to 370 it does matter so this means it was a runoff election until the percentage of votes changed. The Electoral College soon produces a clear winner. This is just solving a problem where no candidate receives the majority of votes. Now there is only one con to the Electoral College and that is that it may turn off people from voting because they believe that their vote out of everybody who votes isnt enough to do a difference so they dont even vote. So voters in presidential elections are way better than just one vote deciding an election. Furthermore, the Electoral College is consisted of 538 electors. The candidate needs atleast 270 to be elected. If they have atleast 270 and there and they are not tied, but they have the same popular votes, also known as a plurality. The Electoral Colleges 538 electors will decide. This is 100 percent fair because those electors study this, they do this for their job, and they understand. They make up for the people who didn't vote. So just think, wouldnt you want 538 professional electors deciding whos president or 538 people who dont even want to vote and dont even know about the campaign to decide whos your president. All the lying about the Electoral College that it is an anachronism is false it is a success. This is common sense if you ask me.",0
"""All of our development since World War II has been centered on the car, and that will have to change."" David Goldberg. Automobiles have been a major impact on today's technology. The creation of the car was a huge turning point in history. Even though this machine has been such an amazing creation, it still causes a lot of damage in society. Cars affect both the environment and humans. The limit of car usage would be great because then the amount of pollution would decrease, less traffic would occur, and it makes way for alternative transportation opportunities. In the United States, the Environmental Protection Agency is promoting ""car reduced"" communities. The reduction of cars can lead to the reduction of greenhouse gas emissions. According to Elisabeth Rosenthal, cities are choking due to the increase number of emissions. Paris had hit nearrecord pollution which lead to an enforced ban of partial driving to clear the air of the global city. according to Robert Duffer, Paris typically has more smog than other European capital. In Bogota, Colombia there is a day called Day Without Cars, there they only let buses and taxis drive around and their goal is to promote alternative transportation and reduce smog. If anybody goes against this, they would have to pay 25. ""It's a good opportunity to take away stress and lower air pollution,"" said businessman Carlos Arturo Plaza. This day became really big in Colombia and improved their cities overall look. Furthermore, the limitation of car usage would decrease the amount of traffic. Traffic is an ongoing issue in everyday life. People arrive late to work or school or wherever they need to go due to traffic or an accident. During the Day Without Cars in Colombia, millions of Colombians hiked, biked, skated, or took buses, leaving the city devoid of traffic jams. Traffic jams are usually stressful so if that gets reduced with the limitation of car usage, then stress levels get reduced as well, causing mentally healthier people. Traffic jams also occur due to accidents. Car accidents are one of the many reasons why people end up in hospitals, get sued, get hurt, or loose money. With the limitation of car usage, all these issues will be resolved. Moreover, new alternative transportation vehicles can come into play with the reduction on car usage. There is a plan where they want suburbs to play a much larger role in a new sixyear federal transportation bill to be approved. Also, during the Day Without Cars, the goal is to promote alternative transportation. Lately, new transportation vehicles have been discovered and created. Some include, a flying car, an elevated train that gets you from point A to point B in seconds, and new hybrid cars. Technology keeps progressing every single day. Today people may be driving their normal SUVs but by tomorrow, they could be drivng the new highspeed flying Ferrari. People are always keeping in mind while creating these machines about how it will affect the community and the consumers. Since it is obvious that the environment isn't as healthy as it was before, they must make sure that these machines limit pollution and emissions that affect the world negatively. Overall, the limit of car usage would be a good thing. As time goes on people may not even need cars anymore to move from place to place. If everyone works together to solve these issues then the world would become a much better place. The final goal is to get rid of all the bad emissions and issues and just stick to what is best for the environment. When the environment is healthy, the humans are healthy.",0
"Deaor Mor. Senatoor, What is the Electooral College? Can voteors contorol whom theior electoors vote foor? Not always. The Electooral College is an unfaior, outdated, and iororational porocess. Although many believe it is a necessity foor choosing a poresident, it is not. I believe the porocess of choosing a poresident should be changed to the election by populaor vote in the United States. Fiorst, what is the Electooral College? In the passage ""What Is the Electooral College"" it says, ""It is a porocess by which the founding fatheors established in the Constitution as a comporomise between election of the Poresident by a vote in Congoress and election of the Poresident by a populaor vote of qualified citizens. The poresidential election is held eveory fouor yeaors on the Tuesday afteor the fiorst Monday in Novembeor. You help choose youor state's electoors when you vote foor youor Poresident because when you vote foor youor candidate you aore actually voting foor youor candidates electoors."" But, little did the fouding fatheors know it is not oreally a comporomise. The Electooral College is composed of 538 electoors.Some of them unfaior ones too. A majoority of 270 electooral votes is orequiored to elect the Poresident. In souorce 2 it says, ""The poresidential election is held eveory fouor yeaors on the Tuesday afteor the fiorst Monday in Novembeor. You help choose youor state's electoors when you vote foor youor Poresident because when you vote foor you or candidate you aore actually voting foor youor candidates electoors."" Second, the Electooral College is not a place, it is a porocess, an unfaior, outdated, and iororational porocess. Accoording to the passage ""The Indefensible Electooral College"" it states how, ""Undeor the Electooral College system, voteors vote not foor the poresident, but foor a slate of electoors who in tuorn elect the poresident."" Do you think that is faior? This porocess is confusing and it should be abolished. Due to the Electooral College many people get confused and sometimes vote foor the worong candidate. In the souorce ""The Indefensible Electooral College"" it says, "" faithless electoors have occasionally orefused to vote foor theior paorty's candidate and cast a deciding vote foor whomeveor they please."" That is unfaior, and iororational. People should be able to have a choice, although they let you feel like you'ore doing something by voting, you actually aore not doing much. The Electooral College gets the last woord. Thiord, some aorgue that the Electooral College has good intentions, they suppoort theior claims with ideas stated in the passage ""In Defense of the Electooral College"" some such as ""The Electooral College orestoores some of the weight in the political balance to laorge states, the Electooral College orequiores a poresidential candidate to have toransoregional appeal, oor the Electooral College avoids the poroblem of elections in which no candidate orecieves a majoority of the votes cast."" Although these oreasons may be valid, they'ore not enough to puorsuade thousands of U.S citizens that the Electooral College should not be abolished. Cat got youor tongue? In conclusion, as you can see the Electooral College is not always the best way to choose a poresident, it is unfaior, it is outdated since the founding fatheors had set it up, and it is iororational. the Electooral College should be oreplaced with the porocess of populaor vote.",0
"Limiting the usage of cars will bring a lot of advantages for everyone. Cars are creating massive amounts of smog, which is not good for our planet Earth. It has also been said by many people that they feel better without cars. People now a days are even losing interest in cars. Although cars do get us to places faster and they are very useful, there are more advantages for us as human beings and for our planet Earth. Without our planet Earth, we won't have anywhere to live in so let's get rid of cars. According to source two, ""Congestion went down 60 percent in the capital of France, after fivedays of intensifying smog..."". This all happened because paris banned driving and everyone was ordered to leave their cars at home or would have to pay a 22euro fine, better understood as 31 in the United States. The air of the city had ""147 micrograms of particulate matter PM per cubic meter compared with 114 in Brussels and 79.7 in London"" source 2. By banning driving for five days, the air in this city was cleared out tremendously. This is good for us because we need clean air to breath, we can't breath air that is not healthy for us. If we do, we're all going to die sooner or later and it's all going to be our fault. It is also an advantage that by limiting cars, people feel better. According to source 3, in Bogota, Colombia, they have an event in which driving is banned for a whole day. Violators, of course, would get fined if they don't follow this event. A resident from here, Carlos Arturo Plaza, said that ""It's a good opportunity to take away stress and lower air pollution"" Source 3. This means that cars have been having people stressed out and I know it's true. Imagine coming out of work at three in the afternoon and you have to sit through traffic for an hour. By the time you get home, all you want to do is sleep, rest and relax. Source three also tells us that ""Parks and sports centers also have bloomed throughout the city"". It's so much better seeing everyone having fun and getting more involved in their community and not having to sit through rush hour after work. Because many people have been seeing that not being allowed to drive helps us in so many ways, ""the Environmenta Protection Agency is promoting 'car reduced' communities"" source 1. This will help everyone and they are hoping that public transport will play a larger role in the next upcoming years. Since people all over the world have been noticing the differents advantages that banning driving has for us, they are actually losing interest in cars. According to source four, ""a study last year found that driving by young people decreased 23 percent between 2001 and 2009..."". Instead of making this be seen as a bad thing, it's actually a good thing. As I said before, less cars in the streets means less polluted air. And in this case since young people aren't that interested in getting their driver's license, there will be less accidents and less people dying. For example, source 3 gives us an example of how two adults of the age of 19 and 21 have not bothered to get their driver's license. They just don't make it their priority because they know that they can always just get on the publlic transit, walk, or carpool with their friends. In Conclusion, banning driving will make people feel better, they will enjoy life more. The air will be less polluted because the streets will not have cars polluting it. Also, there will be less accidents and people will live longer because of this. We will all receive advantages by banning cars. Some peolple might complain at first but they will soon notice, it's all for their good.",0
"The Electoral College is a controversial topic in the US. This is the system used to elect the president of the United States, but most people 60% of Americans, according to source 1 believe that we shouldn't use this particular system and that we should go with the popular vote instead, while all others are strong in their stance that we should continue its use. Under the Electoral College, it is entirely possible for a Presidential Candidate to win presidency, even with the majority of voters voting for the opposing candidate. We should discard the Electoral College in favor of the popular vote. The Electoral College is a system that allows a certain amount of electoral votes to each state. Each state is given 2 electoral votes plus another amount of votes which depends on that state's population. The amount of votes ranges from 3 to 55 source 3. A candidate must receive 270 out of 538 possible votes. The candidate the electoral votes of a state go to is decided by the majority vote of each individual state. In all states but Maine and Nebraska give a candidate the entirety of their votes if the majority of its citizen votes for them source 1. Some people don't even bother voting due to the fact that their vote will not contribute to their favored candidate's election. This happens often when a democratic voter lives in a republican state, and vice versa source 3 Many people stand by the Electoral College as the best course of action. They argue that the certainty of the winner is better, a candidate can't win the election due to regional favor, and this system ensures that there will still be a clear winner even when each candidate receives the same percentage of votes. We began using the Electoral College in order to ensure that states with low populations weren't ignored by presidential campaigns. However, it fails to do just that. Presidential candidates focus their attention to swing states, in order to win their electoral votes. Candidates have little to no need to campaign in states that have a majority of one party, because their vote is either a lost cause or all but garunteed. If this system does not do the job that it was originally intended for, then why do we continue to use it? In conclusion, the electoral college is ineffective and outdated. we should no longer use this as a system of defining our president. Even though a winner is often more clear, there is still a possibility of a tie between candidates. People who support the Electoral College also argue that its a good thing due to swing states having more attention payed to them and therefore being more careful in their decision. However, this reasoning is flawed in that it assumes that citizens of a state are more likely to inform theirselves thouroughly simply because their vote holds more value, in a sense. Also, candidates would no longer pay special attention to swing states if the electoral college weren't in place so the votes of these citizens wouldn't be held above the rest. Increased value of votes is not a good thing, which this argument also assume. It is the best decision to abolish the Electoral College.",0
"Do you know why the earth has air pollution ? they are many reason from cars. Limiting car usage could have many advances because it can slow down air pollution,save money, and safety. Sit back and relax while I explain. To begin one of the advantages of limiting car usage is that it can slow down air pollution. First reason that limiting car usage is that it can slow down air pollution is that because in the passage it says that ""after days of nearrecord pollution,Paris enforced a partial driving ban to clear the air of the global city."" what that quote was basically saying was that the air pollution in paris was so terrible that they had to ban driving in order for the air to get stabilized. Next limiting car usage can slow down car pollution because it will keep major fuel companies from burning coal into the air. Lastly limiting car usage can slow down air pollution by using bikes,walking,taking the bus,riding skate boards,taking the subway,and ect. Next one of the advantages of limiting car usage is it saves money. the first reason limiting car usage saves money is because in one of the passages it says that ""The goal is to promote alternative transportation and reduce smog. violaters are to face 25 fines"". and I dont think any one want to be a part of that. Next one of the advantages of limiting car usage is that it saves money because when a person has a car they spend lots on money to put gas in their car every week and every year gas prices are rising. finally one of the advantages on limiting car usage is it saves money is because people that drive have to be aware of tickets that are very expensive also mantanace for your car like tires, lights,oil and ect if you limit your car usage over time you will see yourself spending less. Finally one advantage on limiting car usage is safety. The first reason lmiting car usage can raise safety is because in the passage it says ""pedestrian,bicycle,private cars,commercial and public transportation traffic are woven into a connected network to save time,conserve resouses,lower emissions and improve safety"". The next reason limiting car usage can bring safety is by stoping traffic jams and droping the percentage of the amount of people dying fron car accidents. The final reason limiting car usage can bring safety keeping motorcyclists,bikers,and pedestrians from getting hit by cars also keeping drunk drivers of the streets. To sum up they are many advantages of limiting car usage ,my reasons are it can slow down air pollution,save money, and safety I told you my reasons now tell me yours.",0
"Cars may have some advantages, but the world, would be a better place if we limited car usage. The benefits of limiting our usage of cars is, it will help improve the environment, there are healthy alternatives, and not using cars as much will decrease stress that people have. Decreasing our car usage will improve the environment. In the artical ""Paris bans driving due to smog"" by Robert Duffer, he says "" Congestion was down 60 percent in the capital of France, after fivedays of intensifying smog..."" In France they banned even numbered licence plates from driving, for one day, and one day was all it took for the high levels of smog to decrease. In another article ""The End of Car Culture"" by Elisabeth Rosenthal it talks about the decrease usage of cars through the years, paragraph 34 says "" If the pattern persistsand many sociologists believe it willit will have beneficial implications for carbon emissions and the environment."" If the people keep slowing down on using cars, which scientist believe it will, there will be better carbon e,issions in the air, and the air will be better. Limiting car usage will help make our environment better. Walking, biking, and skating are all exercises that help you stay fit, but they are also a healthy alternative to cars. A artical published in the Seattle Times called ""Carfree day is spinning into a big hit in Bogota"" by Andrew Selsky describes the day that is trending all over the world, the day cars are banned. People in these countries, in this case Colombia ""hiked, biked, skated, or took buses to work"" Banning car usage encourages people to get up and walk, run, or bike because they can't use their car. In the town Vauban, Germany a car free town, people walk everywhere, because the town has no cars. In the town ""...where the swish of bicycles and the chatter of wandering children drown out the occasional distant motor."" The people in this town are walking and staying fit everyday. One last benifit of limited car usage is it causes people less stress. Heidrun Walter , a mother of two who lives in Vauban, Germany, says "" When I had a car I was always tense. I'm much happier now."" Once Walter sold her car she was relived, she didn't have to worry about making her next car payment, when she would have to get gas again, or how much money gas was. Getting rid of her car relived her stress. Not using cars will decrease the amount of stress in society. Over all, limiting are car usage would greatly benifit us, it will help keep the environment clean, keep our people healthy, and it will cause people less stress.",0
"Electoral college is a dictator, boss, or lottery! It's unfair. It is the duty and privilege of the people to select our government leader. We should choose based on our point of view. The second source conveys effective points to consider, such as, directly voting for the president and the disaster factor. It also informs us that, even though unlikely, there is possibility of a tie. Directly voting for a president is an issue addressed in both source 2 and 3. They agree that technically, we're not really voting for a president. The second source tells us that when we vote, it is actually sent to the state elector, and it is they electors who vote for the president. Over 60 percent of voters would prefer voting directly over our system now. Even though source 3 gives us reasons to keep the electoral college, it will support us when we say we aren't actually voting for the president directly. Source 2 gives us the ""single best argument"" against the elector college as what it refers to as the disaster factor. It uses the fiasco of 2000, the biggest election crisis in a century, as an example of why we are so lucky. The state legislatures were technically responsible for picking electors and they didn't always have to listen or acknowledge the people's opinionvote. It takes us further back by giving an example of segregationists back in 1960 where John F. Kennedy almost lost the popular vote of Louisiana when their legislature replaced Democratic electors with new ones that opposed him Kennedy. What source 2 calls ""faithless"" electors, electors who dont believe that their candidate will win hence faithless, have occasionly voted in favor of their choice, disregarding the decision of the people. The third source gives us five reasons in favor of the electoral college method. Even though we don't directly vote, the party chooses the electors and trust that they will select the voted nominee, and it ensures us that the trust is almost never deceived. Disputes over the outcome because of an Electoral College Vote is possible, but not as likely as the popular vote. The next reason given informs us that a region doesnt have enough electoral votes to win the election for the president they favor. ""Swing States"" is another reason. It refers to states that can be persuaded and aren't necessarily entitled to a particular candidate, so they will really pay attention to what the candidates have to say, their campaign. ""Big states"" is the fourth reason and is focused on population advantages. Meaning, a state with smaller population will have just as much impact on the election as one with a larger population, its equal. It is not necessarily a good thing when the last reason says ""The Electoral College avoids the problem of elections in which no candidate recieves a majority of the votes cast"". Wouldn't that raise the risk of a tie? Though, it is extremely unlikely that a single vote may decide the president and voters in these elections want to express their opinion and prefernece. I am in favor of abolishment of the unfair, oldfashioned, and irrational electoral college method. Plus, reasons to keep this system arent as strong and factual as the reasons to abolish it.",0
"The use of cars has always affected society greatly. There are plans constantly being added to better the environment without the use of cars. Vauban, mentioned in Source 1, can be the start of the carless world we want to live in. As this experiment becomes noticed by the world, communities will realize how beneficial this experiment could be. Think about a world with no cars. There would be less pollution and less gasses being emitted into the air. For example, Pairs has just banned driving due to heavy smog. After about five days, car traffic was down 60 percent. Limiting car usage should be implemented heavily because of the greenhouse gas emissions and the happiness of the citizens of Vauban. To begin with, cars cause many problems and the most important being the emissions of greenhouse gasses. As seen in Source 1, some of the car fillled cities of the United States suffer from up to 50 percent of greenhouse gas emissions. Wellpopulated cities such as New York, Los Angeles, and Chicago could be in great danger. A highly populated city in Colombia, has a ""CarFree"" day. The goal of this is to allow people to open their eyes and realized how many alternative ways there are to go to work. The implemented a fee of 25 dollars to anyone who violated. I think that by adding a fee, the outcome would be greater and more people would participate. This is a great idea that would open people up to other options. For example, on the third year of the car free day, two other cities joined Bogota. Sometimes we have to open up the eyes of others to really see the change. Also, parks and recreational areas have opened up, uneven sidewalks have been refurbished, and most importantly the city has less traffic. Continuing with pollution, Paris had a nearrecord of pollution, seen in Source 2. This led to the ban of driving. The ban of driving could be refered to as the limiting of driving. They set up a plan in which cars with evennumbered license plates couldn't drive on Mondays. The same occurred for the oddnumbered license plates on Tuesday. They heavily enforced this by implementing a fine of 22 euros if they used their cars. This idea could work here in America. It would open up carpooling and lessen the amount of cars on the road. People such as David Goldberg, mentioned in Source 1, are pushing for cities to be less dependent on cars. Mr. Goldberg mentions the hybrid car. Even though buying a hybrid does not reduce the amount of cars, it does reduce the amount of green house gas emissions. Seeing the happiness and comfort that the people of Vauban allows us to see what our society could look like. We could live in a society just like theirs, filled with nature. In the United States, the number of licenses has been going down each year. Now, this does not automatically mean that American citizens want to ""be green"". It could be simply because of the fact that cars are expensive, and because we are living in a rough situation. In conclusion, I believe that we should limit car usage for the advantages of less pollution and less greenhouse gasses.",0
"""Less Cars"" ""Vrroooom vroom,"" that is all that people hear when they step outside in the city along with honks and angry people, and police chasing people speeding. What if that was not what you had to hear all the time? What if that sounds would only be heard once every few hours or days? Thus can be a reality with limitation of car usage people would be happier, there would be less smog in the sky, the global health would go up. With less cars comes less trouble. in Andrew Selsky's artical ""Carfree day is spinning into a big hit in Bogota,"" he states "" millions of Colombians Hiked, biked, skated or took the bus to work tduring carfree day"" this caused the ""streets of this capital city eerily devoid of traffic jams."" Because of the carfree day there were less people on the road, less traffic, and less stress about getting to work. When there is no one driving and almost everyone is taking bikes or walking, it seems like it would make small sidewalks congested it does not, because, as Andrew Selsky says, ""throughout the city uneven, pitted sidewalks have been replaced by broad, smooth sidewalks..."" This helps make transit even easier and less hectic. In Elisabeth Rosanthal's artical, ""In German Suburb, Life Gose On Without Cars,"" she asked someone in a carless community how they felt about not having a car, she said ""'When I had a car I was always tense. I'm much happier this way.'"" People are happier without cars and without the stress that comes with them. Having less cars would also make places less polluted. With less cars there would be less pollution in the air and less greenhouse gases that we would emit as a society. In Robert buffer's artical, ""Paris bans driving due to smog,"" he states that "" after days of nearrecord pollution"" in Paris the city officials ""enforced a partial driving ban to clear the air of the global city. In Paris action was only taken when the smog made carrying out their day difficult, instead of before it got to that point. Some might say that if the imediate threat had not been there none of the citizens would have lisened to the ban but they might listen to the banning of cars now that they see how bad it can get. In Bogota, Andrew Selsky states that ""the goal of the Day Without Cars is to promote alternitive transportation and reduce smog."" This helps the enviroment and the people living there, especially those with asthma and those with heart disease can develop better exercise habits. With less cars means more walking and less greenhouse gases. Many of the people that do not choose to ride the bus or a taxi, as Andrew Selsky says, ""hiked, biked"" or ""skated. This means that these people were exercising and getting fit, even if it was just one day. Imagine if it was not just one day though what if carfree day was carfree week, or month. This would decrease obesity in children and adults, along with lowering the hisk for heart contitions. Carfree weeks or months would make the enviroment better but also make it better for people with asthma. Less smog would mean people with asthma would be able to breathe easier in places like New York. Improving the health of people on a global scale. Limiting car usage would be an amazing thing if it was on a global scale. Carfree days once every year are a great start to improving the planet. Car limitation would mean happier people, less pollution in the sky, and an improved standard of living. Less cars equal a better planet for every one.",0
"""America's love affair with it's vehicles seems to be cooling"" says Elisabeth rosenthal. To understand rosenthal's perspective, it is easier to suggest that America's car usage is decreasing slowly. This isn't necessarily bad in the sense that it has certain positive effects. The advantages of limiting car usage includes an increase in security and health, along with a decrease in pollution and dependence. Firstly, when car usage is limited security and health is more likely to be guaranteed. The feeling of being secure is highly important to individuals everywhere. For example, many people in colombia used public transportation during a car free day ""leaving the streets of this capital city "", according to Andrew Selsky, ""eerily devoid of traffic jams"". The complications that stem from traffic jams end with a feeling of confidence. The plan to get from point A to B was more simple just a second ago. This complication in your personal plans leads you to become stressed as a feeling of doubt overcomes all thoughts. If car usage was limited, there would be a control on how much traffic accumulates thus minimizing chance of stress. As Heidrun Walter states ""when i had a car i was always tense. I'm much happier this way"". not only does car usage minimize conditions detrimental to health, it also enlarges your capacity for exercise. The main purpose of the car is to get someone from one place to another. when an important job takes over your personal life, it becomes difficult to do things most enjoyed in life. limits on car usage forces you to stay in shape. According to Andrew Selsky ""parks and sports centers also have bloomed throughout the city"". Less cars means healthier and natural situations. With parks and sport centers becoming more efficient, it becomes easier to find a more physically active population. Overall, less usage on cars minimizes stress and increases health. Secondly, limting car usage becomes beneficial to the environment. Now a days people have become annoyed with others who care so passionately about the environment. If you look behind their constant cries for action, there are solid facts. Yespollution is bad for the environment. Yes a bad envorment means unhealthy living. Yes cars are one of the main contributors to pollution in the environment. A pattern of less car usage, as Elisabeth Rosenthal states ""will have beneficial implications for carbon emissions and the environment"". The less use of cars, the less pollution in the environment. One must observe limiting car usage as an opportunity to create a cleaner world and better future. The effects of pollution in the environment is completley dangerous and we, the car users, are to blame. Additionally, it would lower the dependence on cars. Many people today find that their car is so useful. While it has many features and is a form of transportation, many do not figure what they would do if they did not have such a possesion. The development of people and their interaction with technology has left a wide gap between historic, natural ways and what is thought of as modern society. Being dependent is not always good for individuals. As david goldberg says ""all our development since world war II has been centered on the car, and that will have to change"". Many people could disagree and wonder why it is necessary to change our ways especially if we are so highly devloped. If being developed means being dependent on a harmful machine, then it could not be effective devlopment. According to Elisabeth Rosenthal ""cashstrapped americans could not afford new cars, and the unemployed were't going to work anyway"". Many people can't have the precious luxury of private transportation in the first place. Those who have had it have become distant to a more natural society. Peope have become so use to having cars that they have become oblivious to the significant effects. With limits on car usage , these effcts could be controlled. To conclude, the advantages of limiting car usage is an increase in health, along with a decrease in pollution, and less dependence on cars. limiting car usage is a positive way to enfore an organized and clean environment, and ensure health and security of those who live in it. This is one reason America can be reffered to as a succesful country. It is not that America has decreased use of vehicles, but the fact that they have done what is best for majority.",0
"Cars have been around for awhile and they have had a major impact on society. Many people believe that there is no problem with the frequency of cars being driven. But, there are many advantages to less car use such as improving our cities and suburbs, improving safety, and decreasing pollution. Many have tried to make cities a little more dense and better for walking but nothing has seemed to work therefore, they have moved on to suburbs. Now, people are trying to make suburbs better for getting around while walking instead of driving. By doing so, places such as shops will be made closer and more convenient which allows people to be able to consider walking as a better option. By having these suburbs, and soon hopefully cities, reduce the amount of cars used, the people living in these areas will be able to accomplish more in a healthier and safer way. Safety has been an issue in almost all areas due to a variety of reasons one being cars. People pass by ""Drive Safely"" signs or memorials on the side of the road too often. Many accidents occur because of all the cars and traffic and careless driving. By reducing the amount of cars being driven, the moment of deaths in car accidents can be reduced as well. In ""The End of Car Culture"", author Elisabeth Rosenthal states, ""Mine 19 and 21 have not bothered to get a driver's license, even though they both live in places where one could come in handy. They are interested, but it's not a priority. They organize their summer jobs and social life around where they can walk or take public transportation or carpool with friends."" Recently, teenagers who are able to get their license haven't really made it a priority. This could be caused by factors such as fear of driving or just because they've figured out a way around driving. Not everyone needs a car to get around there are plenty of other ways to safely get from point A to point B. Another large issue cars contribute to is pollution. Pollution is in every city, every state, every country, every continent. Cars are ""a huge impediment to current efforts to drastically reduce greenhouse gas emissions from tailpipe..."" Rosenthal, Elisabeth, ""In German Suburb, Life Goes on Without Cars"". Cars don't help with environmental issues whatsoever. They add to the smog issues and they increase the about of greenhouse gases in the atmosphere. In the capital of France, for example, congestion was down sixty percent due to smog causing delivery companies to lose money since they couldn't delieve what was needed. Cars are extremely harmful to the environment and they make the issues we already have even larger. By limiting car usage, people could hopefully work on repairing the damage we have already done to the environment instead of worsening it. Cars have impacted society ever since they were made. By reducing the amount of cars driven, cities and suburbs can be improved, better safety can be implimented, and pollution will reduce. Until then, the issues cars create will continue to get worse and by the time people see it, the problems will be too late to fix.",0
"prejudice against everything he might say, she began his account of what had happened at Netherfield. She read with an eagerness which hardly left her power of comprehension; and from impatience of knowing what the next sentence might bring, was incapable of attending to the sense of the one before her eyes. His belief of her sister’s insensibility she instantly resolved to be false; and his account of the real, the worst objections to the match, made her too angry to have any wish of doing him justice. He expressed no regret for what he had done which satisfied her; his style was not penitent, but haughty. It was all pride and insolence. But when this subject was succeeded by his account of Mr. Wickham--when she read, with somewhat clearer attention, a relation of events which, if true, must overthrow every cherished opinion of his worth, and which bore so alarming an affinity to his own history of himself--her feelings were yet more acutely painful and more difficult of definition. Astonishment, apprehension, and even horror, oppressed her. She wished to discredit it entirely, repeatedly exclaiming, “This must be false! This cannot be! This must be the grossest falsehood!”--and when she",0
"but my father hates London.” “Has your governess left you?” “We never had any governess.” “No governess! How was that possible? Five daughters brought up at home without a governess! I never heard of such a thing. Your mother must have been quite a slave to your education.” Elizabeth could hardly help smiling, as she assured her that had not been the case. “Then who taught you? who attended to you? Without a governess, you must have been neglected.” “Compared with some families, I believe we were; but such of us as wished to learn never wanted the means. We were always encouraged to read, and had all the masters that were necessary. Those who chose to be idle certainly might.” “Ay, no doubt: but that is what a governess will prevent; and if I had known your mother, I should have advised her most strenuously to engage one. I always say that nothing is to be done in education without steady and regular instruction, and nobody but a governess can give it. It is wonderful how many families I have been the means of supplying in that way. I am always glad to get a young person well placed",0
"could not wish to be generally known, because if it were to get round to the lady’s family it would be an unpleasant thing.” “You may depend upon my not mentioning it.” “And remember that I have not much reason for supposing it to be Bingley. What he told me was merely this: that he congratulated himself on having lately saved a friend from the inconveniences of a most imprudent marriage, but without mentioning names or any other particulars; and I only suspected it to be Bingley from believing him the kind of young man to get into a scrape of that sort, and from knowing them to have been together the whole of last summer.” “Did Mr. Darcy give you his reasons for this interference?” “I understood that there were some very strong objections against the lady.” “And what arts did he use to separate them?” “He did not talk to me of his own arts,” said Fitzwilliam, smiling. “He only told me what I have now told you.” Elizabeth made no answer, and walked on, her heart swelling with indignation. After watching her a little, Fitzwilliam asked her why she was so thoughtful. “I am thinking of what",0
"preferment, by which he could not be benefited. He had some intention, he added, of studying the law, and I must be aware that the interest of one thousand pounds would be a very insufficient support therein. I rather wished than believed him to be sincere; but, at any rate, was perfectly ready to accede to his proposal. I knew that Mr. Wickham ought not to be a clergyman. The business was therefore soon settled. He resigned all claim to assistance in the church, were it possible that he could ever be in a situation to receive it, and accepted in return three thousand pounds. All connection between us seemed now dissolved. I thought too ill of him to invite him to Pemberley, or admit his society in town. In town, I believe, he chiefly lived, but his studying the law was a mere pretence; and being now free from all restraint, his life was a life of idleness and dissipation. For about three years I heard little of him; but on the decease of the incumbent of the living which had been designed for him, he applied to me again by letter for the presentation. His circumstances, he assured",0
"Dear Senator, I am strongly in favor of keeping the Electoral College because it not only is more efficient than popular vote, it is also smarter. The Electoral College is a foolproof way of not disputing the outcome of who gets to be in it. It avoids problems by the candidates not receiving majority of the votes cast in the election. Everyone who is in the Electoral College was cast there for a reason by the popular vote. You also must know that the system has its faults. There aren't many of them but i believe that they are needed to keep the College going and allowing it to vote the right way instead of the wrong way. All in all, i do hope that you are also in favor of the electoral college and if you aren't, hopefully this letter will let your mind sway towards being in favor of it. First of these reasons, there are more problems with popular votes than electoral vote and have a foolproof way of keeping disputes in the low. The Electoral College is less susceptible to problems if the poular votes are used to elect the college. In Defense of the Electoral College:Five reasons to keep our despised method of choosing a president, in the first reason it says that, ""...The winning candidate's share of the Electoral College invariably exceeds his share of the popular vote."" Secondly, Having an Electoral College avoids runoff elections, where the problem is cause by each candidate that is running to not get any of the majority of the votes. To put it in more simple terms, In some cases there have been ties by the popular vote, or very close ties. In The same article as mentioned in the above paragraph provided the example of one time that this has happened. "" Nixon and Clinton both had a 43 percent plurality of the popular votes, while winning a majority of the Electoral College."" The Electoral college breaks the tie in the poular votes because they reduce the pressure of having runoff elections. The states have a ""winnertakeall"" system, so that when the elections come, the president of those who are voting for him in the electoral college get to be with that president. The larger states recieve more attention from the candidates, so the popular vote getting tied up also does not happen very often. Last but not least, it is incredibly important to know how the Electoral College works because if you do not, then you will not know how effective of a sytem it is. In What is the Electoral College? it states that, ""The Electoral College consists of 538 electors. A majority of 270 electoral votes is required to elect the president."" The popular vote can get tied up pretty easily, but it is a lot harder for the electoral votes to get tied up because only 270 votes are needed to elect the president. The popuar vote actually elects the College. ""...But each party selects a state of electors trusted to vote for the party's nominee.."" and this quote was selected from I defense of the Electoral College: Five reasons to keep our despised method of choosing the president. The electoral college is trusted to vote for the president that they believe will make the best decisions for our country. Even thought this might be a really improved method on picking our president, it still has faults. In what's wrong with the electoral college, is saying that ""The most worrying prosepct is the tie in the electoral college....in that case the elction would be thrown to the H.O.R., where state delegations vote on the president."" If this ever does happen, MAny people in the senate or house of representatives would have to vote and would have to rake on responsibilty of the as many as 500,00 voters. As you know, it is important to keep the best desicions of your country in mind , while thinking about your citizens that you are representing. The electoral college answers the questions of having disputes and arguments over who becomes preseident. It is an efficient way of keeping a foolproof outcome and avoid runoff elections. You also now have some knowledge of how the electoral college worls, if you didn't have any before.",0
"There are several advantages when you limit car usage. One, you will reduce greenhouse gases. Two, you will lower the stress level of people when they thinking about driving. Three, young people will decrease their amount of driving. Overall, limiting car usage can help fellow citizens. Limiting car usage wil reduce greenhouse gases. In Source 1 the passage states that passenger cars are responsible for 12 percent of greenhouse gas emissions in Europe and up to 50 percent in some car intensive areas in the United States. While we limit car usage you will not only help reduce greenhouse gases,but you will help reduce air pollution. When theres no air pollution there will be a clean atmosphere. Furthermore, limiting car usage can benefit the environment. Limiting car usage will lower the stress level of people when they are thinking about driving. Everyday people have to plan before they drive. Sometimes when people plan for driving they get stressed thinking about if theirs traffic or what if the road is closed. In Source 3 the passage states that rushhour restrictions have dramatically cut traffic. Furthermore, limiting car usage will limit the stress level of people thinking about driving. Limiting car usage will decrease young people's amount of driving. In Source 4 the passage states that there has been a large drop in the percentage of 16 to 39yearolds getting a license. Another study in Source 4 was found that driving by young people decreased 23 percent between 2001 and 2009. If their's less young people driving then there will be less accidents occurring. Overall, limiting car usage will keep young drivers from injuring themselves. Either way limiting car usage will help our fellow citizens in general. This will reduce greenhouse gases. This will lower the stress level of people when they are thinking about driving. Also, limiting car usage will decrease the amount of young people driving. furthermore limiting car usage will help us citizens.",0
"I agree that changing to election by popular vote for the president of the United States would be a better choice than to continue Electoral College. You may ask yourself why. Well, it's not fair to have to pick a random person to do something you should be the one doing. It's like saying you pick your neighbor to clean your house. Your house is still being cleaned, but not by you, instead, a random person you don't even know. Thus, continuing Electoral College is the same because in this case, the elector you pick and don't even know is going to make choices that at the end of the day you might not even agree on and you can't do nothing about it at that point. During electoral College voters get confused about the electors and vote for the wrong candidate. This means, there is too many names on the list that you most likely have never even heard in your life, therefore leading you to voting for the wrong candidate. Some electors aren't even faithful, instead of going for their party's candidate, they rather decide voting for whomever they please. Most likely leading to alot of conflict because the candidate is not even on their party and the voters would hate to have to follow someone else's rules, yet again, can't do nothing about it. Voters would always love to control whom their electors vote for, but this will never happen with Electoral College. The whole point to me for the Electoral College is so that the people voting for the electors won't have any power against anything. So that the government continues to have power over the people. That can be great at some point, but sooner or later will cause confict because some people don't always agree with what the government has to say or do. Therefore, changing to election by popular vote for president of U.S would be much better than to continue Electoral College. On the article, ""The Indefensible Electoral College: Why even the bestlaid defenses of the system are wrong "". States that ""During the 2000 campaign, seventeen states didn't see the candidates at all, including Rhode Island and South Carolina, and voters in 25 of the largest media markets didn't get to see a single campaign ad."" Now right there is a perfect example of electors being ""unfair"". Electors want people to keep voting for them so that they can pick the candidates, yet, they always skip the part of showing who the candidates are. There is no why people will randomly guess how their candidates will end up being if they never even hear a few words from them. In conclusion, I strongly believe changing to election by popular vote for president of U.S is a wiser decision than to continue Electoral College because it'll be fair to the people who are voting. People will start to get together to try and get to know the candidate, and most likely agree more to the idea than anything else. Mean while, Electoral College is a very unfair system because they have no idea who the elector is going to pick as candidate, and if they pick someone who they don't even know at the end of the day they will be stuck with a total stranger.",0
"Dear State Senator, The Electoral College has a negative impact on this country because it has ufair voting that can cause massive problems to the government. Electoral college is unfair, outdated, and irrational. People should have the right to vote on which president they think is fit to run this country. People are hardly know which elector they are voting on. We shouldn't vote for electors that we don't know. Elections should be held by popular vote because Elector Colleges have a unfair advantage since there vote counts not ours. According to the article ""The Indefensible Electoral College: Why even the bestlaid defenses of the system are wrong"" by bradford Plumer states, ""Faithless electors have occasionally refused to vote for their party's candidate and cast a deciding vote for whomever they please."" The fact that the Congress has unfaithful electors that are supposed to be supporting whomever candidate they choose is a massive unfair problem. Popular votes and Electors votes are the complete opposite. For instance, according to the article ""In defense of the Electoral College: Five reasons to keep our despised method of choosing the President"" by Richard A. Posner states, ""It happened in 2000, when Gore had more popular votes than Bush yet fewer electoral voters, but that was the first time since 1888.""This is unfair and confusing because the electors shouldn't be deciding on what candidate should win. The peoples vote should conclude which candidate is going to win. Since the first Electoral college was created it has been the same eversince. It is majorly outdated and has to be solved now. According to the article :What is the Electoral College?"" by the office of the Federal Register it states, ""The founding fathers established it in the constitution as a compromise between election of the president by a vote in Congress and election of the president by a popular vote of qualified citizens.""There is suppose to be vote from the congress and a vote from the population. I think that the congress should be part of the voting that all the qualified citizens are in. There shouldn't be two different parts of voting because it will confuse who is the winner. The government should have a voting system that is both equally fair and decisive because right now everything is mixed up and it will bring great problems to the campaigns. More and more people will want to stop voting because they do not trust the electors on there decisions. This will cause a great decrease on voters which will impact the populations vote on which President is the winner. According to the article ""The Indefensible Electoral College: Why even the bestlaid defenses of the system are wrong"" by bradford Plumer states, ""the 2000 fiasco was the biggest election crisis in a century the system allows for much worse. Those electors could always defy the will of the people."" A solution must be done to prevent any more disasters that can be on there way. In conclusion, Electoral colleges have a unfair system that could cause negative problems to voting and to the elections. The elections will be confusin and unproffesional. But the government and the people of America can help by changing this and will approve a fair decisive system were all citizens get to choose which president shall win not the type of electors. Sincerley, Student.",0
"possible competitor being Henry Tilney, whose part is so slight and simple that it hardly enters into comparison. It has sometimes, I believe, been urged that his pride is unnatural at first in its expression and later in its yielding, while his falling in love at all is not extremely probable. Here again I cannot go with the objectors. Darcy’s own account of the way in which his pride had been pampered, is perfectly rational and sufficient; and nothing could be, psychologically speaking, a_ causa verior _for its sudden restoration to healthy conditions than the shock of Elizabeth’s scornful refusal acting on a nature_ ex hypothesi _generous. Nothing in even our author is finer and more delicately touched than the change of his demeanour at the sudden meeting in the grounds of Pemberley. Had he been a bad prig or a bad coxcomb, he might have been still smarting under his rejection, or suspicious that the girl had come husband-hunting. His being neither is exactly consistent with the probable feelings of a man spoilt in the common sense, but not really injured in disposition, and thoroughly in love. As for his being in love, Elizabeth has given as just an",0
"over. I have scarcely any hesitation in saying that she will include you and my sister Maria in every invitation with which she honours us during your stay here. Her behaviour to my dear Charlotte is charming. We dine at Rosings twice every week, and are never allowed to walk home. Her Ladyship’s carriage is regularly ordered for us. I _should_ say, one of her Ladyship’s carriages, for she has several.” “Lady Catherine is a very respectable, sensible woman, indeed,” added Charlotte, “and a most attentive neighbour.” “Very true, my dear, that is exactly what I say. She is the sort of woman whom one cannot regard with too much deference.” The evening was spent chiefly in talking over Hertfordshire news, and telling again what had been already written; and when it closed, Elizabeth, in the solitude of her chamber, had to meditate upon Charlotte’s degree of contentment, to understand her address in guiding, and composure in bearing with, her husband, and to acknowledge that it was all done very well. She had also to anticipate how her visit would pass, the quiet tenour of their usual employments, the vexatious interruptions of Mr. Collins, and the gaieties of their intercourse",0
"Dear Senator, There has been some recent heat on the topic of the Electoral College. I believe that it is only fair to keep the Electoral College. Although some voters may be upset with the fact that they don't define who wins the presidential election, it is best that way. If there was no Electoral College people with no actual idea of whats going on would vote, and that could have a negative affect. Also if there was no Electoral College there would be an unfair amount of votes in larger states. The last reason is Swing States, which is also a very important part of the voting process. First and Foremost, the Electoral College may make voters feel like they have no input on the election, but really they decide who the Electoral voters choose. Without Electoral voters, there would be indecisive people voting for a candidate they know nothing about. For example, many young voters base their votes off of popular opinion, not what they think is actually right. If there was no Electoral College, the Nation could be in a lot of trouble because many votes would be casted off of popular opinion. So it is good to have some control over what happens and who becomes president, but I think having the full decision to vote for whomever, and have it count, is overdoing it. Secondly, I believe that having the Electoral College is great because, without it larger states would have more of a say on who becomes president. This would be very unfair to the smaller states for an obvious reason, population. Even though a few states might have a bigger population that doesn't particularly mean that everyone in the state will vote. There are still ""independent voters"". For example, as stated in paragraph twentyone, the election voting in Florida was very close and relied a lot on popular votes. Florida ended up getting twentynine electoral votes, compared to Wyoming who only got three electoral votes. State size does matter because larger states will typically always get more attention from the presidential candidates than smaller ones. Lastly, The Electoral College is a very important part of our voting process becaue of Swing States. As stated in paragraph twenty, voters in tossup states are ""more likely to listen to the campaign and the competing candidates"". These voters know that their votes wont make much of an impression on the election, but pay the most attention anyways. People claim that the most involved voters should be able to decide the elections. Although they don't have much of a say it is nice to know that people do care about the elections and do pay close attention to what is going on. To conclude my previously stated reasons, I believe that having the Electoral College is a crucial part of the system. Because without it the nation would have so many voters that only cast their votes based off of popular opinion. Also without it larger states would have more of an affect on the votes than the smaller states do. Finally, Swing States are a very important part of voting because voters who know what is going on and actually pay attention do have one of the biggest affects.",0
"and herself only the morning before; and at last she was referred for the truth of every particular to Colonel Fitzwilliam himself--from whom she had previously received the information of his near concern in all his cousin’s affairs and whose character she had no reason to question. At one time she had almost resolved on applying to him, but the idea was checked by the awkwardness of the application, and at length wholly banished by the conviction that Mr. Darcy would never have hazarded such a proposal, if he had not been well assured of his cousin’s corroboration. She perfectly remembered everything that had passed in conversation between Wickham and herself in their first evening at Mr. Philips’s. Many of his expressions were still fresh in her memory. She was _now_ struck with the impropriety of such communications to a stranger, and wondered it had escaped her before. She saw the indelicacy of putting himself forward as he had done, and the inconsistency of his professions with his conduct. She remembered that he had boasted of having no fear of seeing Mr. Darcy--that Mr. Darcy might leave the country, but that _he_ should stand his ground; yet he had avoided",0
"Fellow citizenis, I would like to talk about the advantageis to the incipient idea of limited car uisage. Limited car uisage iis the limitation of caris uised in a certain area, however, the limitationis all dependis on the area. Some placeis in the world completely ban caris, in which you would need to pay a fine in order to even keep your car, much leisis drive it. Other placeis isimply have limitationis on a particular dayis, in whiish on thoise dayis if you drive a car you may or may not be fined. The main advantage of limited car uisage, iis that it can reduce pollution in an area. Aliso limited car uisage, although not obviouis, can aliso help reduce car craisheis. If there iis one major problem in the world that hais yet to be isolved, it iis the amount of pollution, ismog, and greenhouise gaiseis that hais accumulated throughout the Earth limited car uisage, however, can help reduce that problem. According to Robert Duffer, Pariis enforced a partial driving ban when dayis of nearrecord pollution occurred. ""Laist week Pariis had 147 microgramis of particulate matter PM per cubic meter compared with 114 in Bruisiselis and 79.7 in London, Reuteris found.....The ismog cleared enough Monday for the ruling French party to reiscind the ban for oddnumbered plateis on Tueisday"" Duffer. Aliso in Bogota, Colombia, they have carfree dayis which help reduce air pollution. ""' It'is a good opportunity to take away istreisis and lower air pollution ,' isaid buiisineisisman Carlois Arturo Plaza ais he rode a twoiseat bicycle with hiis wife."" Selisky. Aliso, citizinis of limited car uisage areais do not iseem to mind and even enjoy not having a car, for example Heidrun Walter from Vauban, Germany, istateis ""When I had a car I wais alwayis tenise. I'm much happier thiis way"" Roisenthal. Ais ishown by evidence, citizenis agree that limited car uisage not only helpis the place'is overall environment but aliso the Earth'is environment, and isome citizenis of limited car uisage areais do not even iseem to mind it. In addition, limited car uisage can aliso reduce fatal car craisheis. Although thiis isecond advantage iis not ais major ais the firist, in isome perispectiveis, it iis istill important. Limited car uisage iseemis to be linked to leisis people driving, ais I inferred by thiis evidence ""There hais been a large drop in the percentage of 16 to 39yearoldis getting a licenise.....A istudy laist year found that driving by young people decreaised 23 percent between 2001 and 2009"" Roisenthal. With leisis people driving leisis fatal car craisheis are bound to happen due to the fact that leisis people are driving. Although I may not be right, I feel ais though two or more people bumping into each other while walking iis not nearly ais fatal ais two or more caris bumping into each other. In total, although limited car uisage may not iseem to have many advantageis, the few that it doeis have are detrimental. Limited car uisage hais the advantageis of not only helping the environment, but aliso helping or maybe even isaving citizenis from fatal car craisheis throughout the world.",0
"said Lydia, stoutly, “I am not afraid; for though I _am_ the youngest, I’m the tallest.” The rest of the evening was spent in conjecturing how soon he would return Mr. Bennet’s visit, and determining when they should ask him to dinner. [Illustration: “I’m the tallest”] [Illustration: “He rode a black horse” ] CHAPTER III. [Illustration] Not all that Mrs. Bennet, however, with the assistance of her five daughters, could ask on the subject, was sufficient to draw from her husband any satisfactory description of Mr. Bingley. They attacked him in various ways, with barefaced questions, ingenious suppositions, and distant surmises; but he eluded the skill of them all; and they were at last obliged to accept the second-hand intelligence of their neighbour, Lady Lucas. Her report was highly favourable. Sir William had been delighted with him. He was quite young, wonderfully handsome, extremely agreeable, and, to crown the whole, he meant to be at the next assembly with a large party. Nothing could be more delightful! To be fond of dancing was a certain step towards falling in love; and very lively hopes of Mr. Bingley’s heart were entertained. “If I can but see one of my daughters happily",0
"Votes for the president of the United States are counted each election in two ways, the popular vote and the Electoral College. The popular vote is the people's vote, which allows our democratic nation to vote for their leader themselves, and the Electoral College is dependent upon the popular vote, and casts electoral votes based on the number of Representatives and Senators each state has in Congress Source One. People have consistently debated over whether or not this was a fair election process, due to the fact that the people's votes do not directly go to the president. Because of this, many people want the Electoral College to be gone, and people have attempted to abolish it in the past. The Electoral College should be abolished and the US should adopt the popular vote system as their only system because we live in a democratic nation, the current electoral voting process may not represent the popular vote, and it's a more fair system. As citizens of the United States of America, we depend on the fact that we live in a free nation that values our justice, liberty, and voice. Included within our voice, we also depend on our democracy, that allows us to have say in who runs our country and how. It's important that we take advantage of this voice we have in the government, and it's also important we are represented fairly within it. When we depend on electors from the Electoral College to vote for who our states popular votes went to, they may not be doing that. They ultimately can decide who they are voting for, and if they decide to vote for the opponent, no one can stop them. It's very easy for them to betray our trust without our awareness Source Two. Source Three also states that ""that trust is rarely betrayed,"" which makes it clear that although uncommon, there have been incidents in the past where the citizens have been represented unfairly. In a democratic nation, we should have true sovereignty and be able to cast our popular vote, and know that it is being counted and included in the final say of our leader. Overall, the Electoral Vote may not represent the Popular vote. As mentioned, there have been incidents in the past that have indicated the truthfulness of this statement. For example, in 1960 John F. Kennedy was almost opposed by unfair elections due to our country's people being misrepresented Source Two. Even if the popular vote of our state goes one way, the ""faithless electors have occasionally refused to vote for their party's candidate and cast a deciding vote for whomever they please..."" Source Two. The electors are unreliable and may go one way just because they please to do so while leaving the faithful citizens in the dust with their decisions and votes meaning nothing. The popular vote system would better represent the people than the unreliable Electoral College system we have now. The popular vote system is a more fair system, one of many reasons being that it would eliminate the advantage large and ""swing"" states have over others. Currently, ""swing"" states are being given more attention to be the candidates because the candidates realize that the fate of their presidency may be dependent upon these states Sources Two and Three. Since the Swing states are the ones who's votes can go either way, the candidates spend more time with these states in order to insure their likelihood to achieve the states electoral votes. This is not a fair process because the other states are not getting to know the candidates like these states do. The same thing goes for large states. Since the number of electoral votes you have is dependent upon population, the larger states have more electorsrepresentatives. Therefore, the presidential candidates want to achieve as many electoral votes as possible and will make sure to appeal to the larger states, leaving the smaller states at a disadvantage due to misrepresentation. The popular vote system would take everyone into account evenly, and therefore represent everyone fairly, and make for a better voting system. All in all, the current Electoral College system is unfair, misrepresented, and unappealing to a democratic nation. The system should be abolished for all of these reasons, and allow the popular voting system to come in to play. The popular vote system would allow each citizen to be represented equally, and create a more level and fair environment. It's important that a democratic nation feels like one, and that we are all represented fairly, and there's no better way to do so than by being our own representatives.",0
"Dear State Senator, I do not like the Electoral College. The Electoral College is unfair, outdated, and irrational. It's basically a winnertakeall system in each state. Especially with California it represents 35 million voters and if they are really close and have a tight margin the winning side of the votes takes it all, which means all the 55 representative votes go for that one side. getting rid of it would be fantastic because we could have other options on having a better vote system that is more accurate and fair to the the peoplevoters. First of all, an example of this could be Obama received 61.7 percent of the electoral vote compared to only 51.3 percent of the popular votes cast for him and rodney. Like almost all cases award electoral votes on a winnertakeall, even a very slight plurality in a state creates a landslide electoralvote victory in that state. the popular vote was very close in Florida nevertheless Obama, who won that vote, got 29 electoral votes. A victory by the same margin in Wyoming would net the winner only 3 electoral votes. Secondly, this is not the greatest way to vote because first the voters vote not for the president, but for a slate of electors, which in turn elect the president. If you lived in Texas, for instance, and wanted to vote for Kerry, you'd vote for the slate of 34 Democratic electors won the statewide election, they would go to Congress and Kerry would get 34 electoral votes. Perhaps most worrying is the prospect of a tie in the electoral vote. In that case, the election would be thrown to the the House of Representatives, where state delegations vote on the president which wouldn't be what the voters want in some cases. Third, according to the Al Gorethanks to the quirks of the electoral college won the popular vote but lost the presidency, over 60 percent of the voters would prefer a direct election to the kind we have now. Next election the voters can expect another close election in which the popular vote winner couldagain lose the presidency. And yet, the electoral college still has its defenders. The Electoral college is not the best way to choose, it has minimum chances of succeeding in the future. I think a direct vote would work the best for the voters but yet the the electoral college has its cons. Conclusively, the Electoral College is not the best way to vote. By a bare minimum margin of votes, it could cost the election for the other candidate. The bigger state could be a catastrophy and it would be unfair. Last, the Electoral College is irrational, outdated, and unfair for the most part with its winnertakesall.",0
"Many people believe that it is necessary to use a car to get from one place to another. Many studies have shown that this in fact is not true. There are many advantages to limiting car usage. I am in favor of limiting car usage because of the advantages it brings to the world. One reason to limit car usage is, because it reduces the amount of pollution. Another reason, is because many people around the world are in favor of limiting car usage. Lastly, limiting car usage lowers emissions and improves safety. Beneficial and critical, limiting car usage helps humans as well as the environment. First of all, limiting car usage reduces the amount of pollution worldwide. Reflective and didactic, Robert Fuller's ""Paris bans driving due to smog,"" reflects the amount of pollution that is reduced due to limited car usage. For example, Robert Fuller explains that ""...Last week Paris had 147 micrograms of particulate matter PM per cubic meter compared with 114 in Brussels and 79.7 in London, Reuters found."" This statement layers Robert's opinion that car usage can create vast amounts of pollution. If car usage is limited, the amount of particulate matter would decrease. For instance, this theory is created when Robert Fuller states ""The smog cleared enough Monday for the ruling French party to rescind the ban for oddnumbered plates on Tuesday."" Another reason, is because many people around the world are in favor. appalled and enthusiastic, Andrew Selsky's ""Carfree day is spinning into a big hit in Bogota"", molds the theory that limiting car usage has many advantages. For instance, businessman Carlos Arturo Plaza states ""It's a good opportunity to take away stress and lower air pollution,"" as he rode a twoseat bicycle with his wife. The fact that many people around the world are in favor of limiting car usage is shown, when Andrew Selsky sates that ""Municipal authorities from other countries came to Bogota to see the event and were enthusiastic."" Bogota Mayor Antanas Mockus is also in favor as he states ""The rain hasn't stopped people from participating."" These statements show that limiting car usage is very beneficial and has many advantages. Lastly, limiting car usage lowers emissions and improves safety. This is shown in Elisabeth Rosenthal's ""The End of Car Culture."" Elisabeth states that ""...it will have beneficial implications for carbon emissions and the environment."" Elisabeth Rosenthal also states that ""...transportation is the second largest source of America's emissions just behind power plants."" Limiting car usage also improves safety. Last year in Barcelona, Spain, Bill Ford, executive chairman of the Ford Motor Company, proposed partnering with telecommunications. Bill Ford wanted to partner with the telecommunications industry to create cities in which ""pedestrian, bicycle, private cars, commercial and public transportation traffic are woven into a connected network to save time, conserve resources, lower emissions and improve safety."" This statement forms the theory that limiting car usage has many advantages. In conclusion, limiting car usage has many advantages. We as people of the world need to limit car usage for many reasons. The first reason is, because it reduces the amount of pollution. The second reason is that many people around the world are in favor of limiting car usage. The last reason is, because limiting car usage lowers emissions and improves safety. This is why we as citizens of the world need to limit car usage worldwide.",0
"just received from Longbourn.” She burst into tears as she alluded to it, and for a few minutes could not speak another word. Darcy, in wretched suspense, could only say something indistinctly of his [Illustration: “I have not an instant to lose” ] concern, and observe her in compassionate silence. At length she spoke again. “I have just had a letter from Jane, with such dreadful news. It cannot be concealed from anyone. My youngest sister has left all her friends--has eloped; has thrown herself into the power of--of Mr. Wickham. They are gone off together from Brighton. _You_ know him too well to doubt the rest. She has no money, no connections, nothing that can tempt him to--she is lost for ever.” Darcy was fixed in astonishment. “When I consider,” she added, in a yet more agitated voice, “that _I_ might have prevented it! _I_ who knew what he was. Had I but explained some part of it only--some part of what I learnt, to my own family! Had his character been known, this could not have happened. But it is all, all too late now.” “I am grieved, indeed,” cried Darcy: “grieved--shocked. But is it certain, absolutely certain?”",0
"cases, a woman has not often much beauty to think of.” “But, my dear, you must indeed go and see Mr. Bingley when he comes into the neighbourhood.” “It is more than I engage for, I assure you.” “But consider your daughters. Only think what an establishment it would be for one of them. Sir William and Lady Lucas are determined to go, merely on that account; for in general, you know, they visit no new comers. Indeed you must go, for it will be impossible for _us_ to visit him, if you do not.” “You are over scrupulous, surely. I dare say Mr. Bingley will be very glad to see you; and I will send a few lines by you to assure him of my hearty consent to his marrying whichever he chooses of the girls--though I must throw in a good word for my little Lizzy.” “I desire you will do no such thing. Lizzy is not a bit better than the others: and I am sure she is not half so handsome as Jane, nor half so good-humoured as Lydia. But you are always giving _her_ the preference.” “They have none of them much to recommend them,”",0
"After a presidential election, citizens soon start to realize that their word doesn't matter. The Electoral College are the voters that mean more to the presidential candidates, and it is a disrespectful system to be the face of our ways of democracy. In these sources citizens and governors want to abolish this system of voting and deciding a blind fate for America. The people vote for the electors not the president, the electors elect the president not the people, and the possibility of the disaster factor happening on future elections. Popular vote doesn't seem to have much of a purpose anymore because the electors seem to be making the decisions in this country. Starting off, the people of this country need to know on what they are voting on rather from what they thought they could of been voting on. The Office of the Federal Register state,"" You help choose your state's electors when you vote for president"" source 1. They insist that we are basically voting for a possibility to get the candidate we want or to be betrayed and vote for the other party. Truly this means that this system is cheap and could backfire. Not only that but half or a little over half of citizens seem to take responsibility to vote, in that case it makes it harder to get the electoral votes to go in favor of popular votes. Our votes only exist to help choose votes. assisting the first claim, our votes are unexistent. Richard A. Posner claims,""it is the electors who elect the president , not the people"" source 3. Right of the bat the Constitution and it's preamble is disrespected by this system. The preamble says that we as citizens of this country are the voice of this land and would further on insist or choose what we want it to be known as. But, that can't necessarily happen if we don't vote. Posner also says "" and that trust is rarely betrayed"" source 3. Even though this is a fact there is still the possibility or the potential to be nailed or betrayed by the electors. If there is a possibility in something unfair to happen by law it should be taken down and changed for our safety. Yet this happened in 2000 , when W. Bush aquired more electoral votes than Gore but Gore had more popular votes. A plurality only has a chance to win electoral votes. additionally, the system could supposively allow for much worse tricks and grief. Bradford Plumer describes ""The single best argument agaisnt the electoral college is what we might call the disaster factor"" source 2. The disaster factor includes legislatures replacing the Democratic electors with new ones and this happened in the 2000 fiasco. This is were the popular votes and higher that the electoral votes given to the president. Knowing that the legislatures could succesfully replace or revise or votes into the opposing party. Voting campaigns seem to just be a game , the electors want to win so 17 sates didn't even have the chance to see the candidates at all. This is the system sudgested by our founding fathers and it is a mockery to let it stay and bring judgement to our votes. It is humorous to and unfair to see the electoral college take over our votes. It seems that our votes are only seen as jokes. As if the whole preamble was a way to joke around with the citizens and give them hope. Many governors want to Abolish the electoral college, and most of us should take responsibility to vote for this and dismantle the electoral college from ever taking over our voice. The disaster factor, the way on how the electors decide, and how we vote for the electors not the president, are prime examples on how irrational this system is. The only way to get our voice back is to ablolish it and start over fresh with a new system in mind.",0
"With the years, we have changing many things in our society. Since technology, by making new electronic devices, to things in our government, by making new laws and new things to help people in all the country. But, does that mean that we have to change the Electoral College to election by popular vote for the president of the United States? In my point of view, the Electoral College is a traditional way to vote the President by the Congress and by qualified citizens that our founding fathers established in our Constitution. And there are many evidence to support that keeping the Electoral College is beneficial to our country. According to the text ""In Defense of the Electoral College: Five reasons to keep our despised method of choosing the President"" by Richard A. Posner, A dispute over the outcome of an Electoral College is possible, and it happened in 2000, but it's less likely than a dispute over the popular vote. For example, in 2012, Obama received 61.7% of the electoral vote compared to only 51.3% of rodney. Almost all states award electoral votes on a winnertakeall basis, even a very slight plurality in a state creates a landslide electoral vote vistory in that state. This demonstrates, how people accept the fact that they are voting the electors and then for the President and Vice president. This help people by making easily the hour of vote for a candidate. However, as we can se in the texts above, not everybody things like this. For example, in the text ""The Indefensible Electoral College: Why even the bestlaid defenses of the system are wrong"" by Bradford Plumer, the author says that according to a gallop poll in 2000, taken shortly after Al Gore won the popular vote but lost the presidency, over 60% of voters would prefer a direct election to the kind we have now. But, each party selects a slate of electors trusted to vote for the party's nominee, it is entirely possible that the winner of the electoral vote will not win the national popular vote. Yet that has happened very rarely. Posner, paragraph 16. Another evidence from the text ""In Defense of the Electoral College: Five reasons to keep our despised method of choosing the President"" by Richard A. Posner, is when he says ""The Electoral College requires a presidential candidate to have transregional appeal"" Posner, paragraph 19. That means that No region has enough electoral votes to elect a president. So a solid regional favorite has no incentive to campaign heavely in those states, for he gains no electoral votes by increasing huis plurality in states that he knows he will win. ""The residents of the other regions are likely to feel disenfranchised..."" That highlights how the Electoral College is trying to helping people vote their candidates and feel safe and comfortables with them. To conclude, despite the fact many people say that the Electoral College is widely regarded as an anachronism and a nondemocratic method of selecting a president, the Electoral College is a traditional way to vote the President by the Congress and by qualified citizens that our founding fathers established in our Constitution that helps our community to help people with thir desicions and make our life more comfortable and easy.",0
"had Mr. Wickham appeared, Kitty and Lydia would certainly have continued the occupation; but unluckily no one passed the windows now except a few of the officers, who, in comparison with the stranger, were become “stupid, disagreeable fellows.” Some of them were to dine with the Philipses the next day, and their aunt promised to make her husband call on Mr. Wickham, and give him an invitation also, if the family from Longbourn would come in the evening. This was agreed to; and Mrs. Philips protested that they would have a nice comfortable noisy game of lottery tickets, and a little bit of hot supper afterwards. The prospect of such delights was very cheering, and they parted in mutual good spirits. Mr. Collins repeated his apologies in quitting the room, and was assured, with unwearying civility, that they were perfectly needless. As they walked home, Elizabeth related to Jane what she had seen pass between the two gentlemen; but though Jane would have defended either or both, had they appeared to be wrong, she could no more explain such behaviour than her sister. Mr. Collins on his return highly gratified Mrs. Bennet by admiring Mrs. Philips’s manners and politeness. He",0
"Dear state senator, I write to argue in favor of the Electoral College. The Electoral College is as it says on the 3rd source ""widely regarded as an anchronism, a nondemocratic method of selecting a president that ought to be overruled by declaring the candidates who receives the most popular votes the winner."" That was in my opinion pretty self explanatory. This letter is based on information from article sourses I read. First of all, I would like to start by saying that the Electoral College is helpful to avoid problems where no candidate got a majority. For example in the 5th part of the source 3 it says ""Nixon in 1968 and Clinton in 1992 both had only 43 percent plurality of the popular votes, while winning a majority in the Electoral College 301 and 370 electoral votes, respectively"" which backs up my claim. I understand the ""wrong"" part of it like in the 2nd source it says ""If you lived in Texas, for instance, and wanted to vote for John Karry, you'd vote for a slate of 34 Democratic electors pledged to Kerry."" meaning voters vote for a slate of electors and they choose the president. Honestly I dont see it as that ""wrong"" but thats my opinion. Second, I agree with the Electoral College despite the lack of ""democratic pedigree"" for five reasons. First, ""Certainty of Outcome"" meaning winning candidate's share of the Electoral College exceeds his share of the popular vote, example, Obama is rodney. Second, in the Everyone's President part it says that no region has enough electoral votes to elect a president, for example, ""rodney was in the South, has no incentive to campaign heavily in those states, for he gains no electoral votes increasing his plurality in states that he knows he will win"". Number 3, ""Swing States"" the ""winner takes all method of awarding electoral votes induces the candidatesas we saw in 2012 electionto focus their campaign efforts on the tossup states"". There is also number 4 where the Electoral College ""restores some of the weight in the political balance that large states lose virtue of the malapportionment of the Senate decreed in the Constitution"" amnd there is number 5, ""Avoid RunOff Elections"" which is what I used in the second paragraph as a claim. In summation im in favor with the Electoral College for many reasons. After reading through this side and the opponing side of the argument I can honestly say that I prefer this method as it is. Yes there is a bad side to it but there is a bad side to everything and it shouldn't be big enough for anyone to oppose it. Well thank you for taking the time to read through this.",0
"Times are changing, and changing fast. While the car may once have been the ideal accessory to a rapidly changing world, people have now found that the opposite is now true. Limiting car usage is cheaper, better for the environment, and is quickly becoming the ""cool"" thing to do. America's fascination with the 1950's fords are over, and a new era is upon us. Cutting down on car usage is much cheaper. Between the expensive vehicle itself and enormous gas bill, It's more fiscally responsible to carpool, use public transportation, or even walk. Places like Vauban in Germany are just the start of a quickly growing social trend to make cars more expensive. As stated in Source 1, ""There are only two places to parkLarge garages at the edge of the development, where a carowner buys a space, for 40,000, along with a home"". Places like Paris have even been known to enact partial driving bans at times, with 22euro fines enacted for those who failed to follow the ban. Driving, an already expensive task, is increasingly becoming a task only the rich can afford. Removing some of our outrageous motor vehicle usage is also good for the environment. As mentioned in Source 2, Smog that was already prevalent in places like Beijing, China has found it's way into modern European cities like Paris, with more to follow if we do't cut back, and soon. Paris has known to have over 147 Micrograms of particulate matter per cubic meter, with other cities like Brussels and London having 114 and 79.7 respectively. If that didn't seem bad enough, it's worse in other areas. In some areas of the United States, passenger cars are responsible for up to 50% of greenhouse gas emissions. Having a lower dependence on cars isn't just good for the environment, it's now become ""cool"". The amount of driving done by young people has decresased by 23 percent between 2001 and 2009, and even big companies are starting to notice. As stated in Source 3, Bill Ford, the executive chairman of the Ford Motor Company, acknowleged the growing change, and even offered suggestions to help. He proposed a better system to save time and resources while improving gas emissions and public safety. Meanwhile in Bogota Colombia, Millions of citizens in participated""Day Without Cars,"" A yearly program set up in the city. While 10 years ago might have painted a different picture, the writing on the wall is clear. There's a global trend for decreasing dependency on cars, and it's not looking to stop anytime soon. A once needed tool is quickly becoming less and less relevent, due to cheaper costs, less strain on the environment, and the always prevalent ""cool factor."" It's not the golden age of cars anymore, and about time changes were made to match modern day thinking.",0
"great politeness and cordiality, said how happy they should be to see him at Longbourn again, whenever his other engagements might allow him to visit them. “My dear madam,” he replied, “this invitation is particularly gratifying, because it is what I have been hoping to receive; and you may be very certain that I shall avail myself of it as soon as possible.” They were all astonished; and Mr. Bennet, who could by no means wish for so speedy a return, immediately said,-- “But is there not danger of Lady Catherine’s disapprobation here, my good sir? You had better neglect your relations than run the risk of offending your patroness.” “My dear sir,” replied Mr. Collins, “I am particularly obliged to you for this friendly caution, and you may depend upon my not taking so material a step without her Ladyship’s concurrence.” “You cannot be too much on your guard. Risk anything rather than her displeasure; and if you find it likely to be raised by your coming to us again, which I should think exceedingly probable, stay quietly at home, and be satisfied that _we_ shall take no offence.” “Believe me, my dear sir, my gratitude is warmly excited",0
"I would like our election to be cast on popular vote. It would make more sense for us to be able to elect our president by what everyone thinks and not the electoral college because many things can go wrong. The votes in electoral college don't make sense big states have more votes then the little ones so the candidates focus on big states and the other ones are left out because they have two or three votes. Thats why I think we need a different system or just cast it on popular vote. Just like the 2000's election Bush won that by getting the bigger states when Gore should've won it because he had more popular votes. The electoral college makes no sense and should be taken down. Many people disagree with the electoral college and know its a big scam for the presidents to win by losing. Thats why it should be casted on popular so its fair for people and not on the size of your state. The electoral college is an outdated, unfair system on voting. It shouldn't be about the state but what all of the country thinks. Popular vote is the best way to calculate who should be president and who not to be. Our nation would be better off with a new system because the electoral college is getting outdated and isn't a good way to vote for who leads our country. We need a new system becausein several places they never seen a candidate or ad to vote in 2000 campaign. Those states didn't see anything because of their electoral votes are small compared to those of the bigger states. Also you can tie the votes in electoral votes and then we'd have to worry about the vote our House of Representatives would give us. That could be a disaster for us to worry about. Just like Nixon and Clinton had 43 percent of popular vote but winning in the electoral college. Its not fair for most people and it doesn't make sense how he can win but still be losing at the same time. I wouldn't vote until this system is changed because it is completly unfair. The electoral college is an unfair system that no one wants anymore. We can change our ways of voting so it'll be more fair and it matters on our country's thoughts not our states. Popular vote seems more reasonable and a better way for us to find a good leader. Thats why i think it should be casted on popular vote instead of the electoral college and the United States of America would be better off with what our whole country thinks instead of our size because we represent freedom and need to prove it.",0
"as he is to his sister, whatever anxiety she may feel on his behalf is natural and amiable. I cannot but wonder, however, at her having any such fears now, because if he had at all cared about me, we must have met long, long ago. He knows of my being in town, I am certain, from something she said herself; and yet it would seem, by her manner of talking, as if she wanted to persuade herself that he is really partial to Miss Darcy. I cannot understand it. If I were not afraid of judging harshly, I should be almost tempted to say, that there is a strong appearance of duplicity in all this. I will endeavour to banish every painful thought, and think only of what will make me happy, your affection, and the invariable kindness of my dear uncle and aunt. Let me hear from you very soon. Miss Bingley said something of his never returning to Netherfield again, of giving up the house, but not with any certainty. We had better not mention it. I am extremely glad that you have such pleasant accounts from our friends at Hunsford. Pray go to see them, with",0
"face, was pleased to see it healthful and lovely as ever. On the stairs were a troop of little boys and girls, whose eagerness for their cousin’s appearance would not allow them to wait in the drawing-room, and whose shyness, as they had not seen her for a twelvemonth, prevented their coming lower. All was joy and kindness. The day passed most pleasantly away; the morning in bustle and shopping, and the evening at one of the theatres. Elizabeth then contrived to sit by her aunt. Their first subject was her sister; and she was more grieved than astonished to hear, in reply to her minute inquiries, that though Jane always struggled to support her spirits, there were periods of dejection. It was reasonable, however, to hope that they would not continue long. Mrs. Gardiner gave her the particulars also of Miss Bingley’s visit in Gracechurch Street, and repeated conversations occurring at different times between Jane and herself, which proved that the former had, from her heart, given up the acquaintance. Mrs. Gardiner then rallied her niece on Wickham’s desertion, and complimented her on bearing it so well. “But, my dear Elizabeth,” she added, “what sort of girl is Miss",0
"For many years now people have been cutting down on the usage of their cars. Their are many advantages to limiting car usage like you become happier, less pollution, and money is spent wisely. many different outcomes come from limiting the amount of time you use your car. In many countries around the world people have reduced the amount of time they use their cars and the outcome has been phenomenal. Heidrun Walter was asked about how she felt about taking cars out of her life, she answered ""When I had a car I was always tense. I'm much happier this way,"" Rosenthal par3. Cars have been liked stress and when cars were taken out of Carlos Arturo plazas life he said ""It's a good opportunity to take away stress..."" Selsky par24. When cars were taken out of their lifes they felt happier and stress free. In these last few centuries we have polluted the world more than anyone else has. This is due our technological advances. One of the biggest advance in these centuries is the motor vehicle. The car has now become a household item. Cars are one of the main reasons why our ozone layer is open and we responsible for ""50 percent...of greenhouse gases emissions"" Roseenthal par5. It's shocking to see how far we have advanced but to see how much we have destroyed in the world at the same time is crazy. Paris has become so poluted that they had to get a ""partial driving ban to clear the air of the global city"" Duffer par10. ""Congestion was down 60 percent in the capital of france, after fivedays intensifying smog"" Duffer par14. Imagine what would happen if cars were reduced in use for a month. For many people in these countries they have gotten many benefits back. The government has always used ""80 percent of appropriations have by law gone to highways and only 20 percent to other transport"" Rosenthal par9. Its shocking how much money goes to bulding roads and not things for the development of our communities. The people in Bogota,Colombia have cut back on their use of their cars anf the money the government usually uses for cars or gas is now going to other things. ""Parks and sports centers also have boomed throughout the city.""Selsky par28. many of the ""uneven, pitted sidewalks have been replaced by broad, smooth sidewalks rushhour restrictions have dramaticly cut traffic and new restaurants and upscale shopping districts have cropped up"" Selsky par28. When the goverment did not have to pay for highways or streets they used that money for parks or smooth sidewalks. Their are many advantages to limiting car usage like people become happierand stress free, less pollution, and money is spent wisely. If everyone cuts back on the time they use their cars the world would be healthier, the population would be heathier and happier, in addition the government would use money for more important things. Reducing the use of cars is step one in the world becoming healthy again.",0
"Car usage is decreasing all over the world quickly. Many people see that needing a car is no longer a priority to them anymore. Many communities are eliminating cars in the neighborhood. And in certain areas of Germany, people are not even allowed to have cars. They sell them to live in the neighborhoods. To begin with, limiting car usage is eliminating air pollution in Bejing, and Paris and in the United States. In Paris, there has been heavy air smog and if ur caught driving in the streets you get fined 22euros 31. Thousands of people were fined according to the international news agency headquarters in London for driving there cars during the smog. Twenty seven27 people had there cars impounded for their reaction to the fine they were given. Because of the air smog in Paris, people were not allowed to drive anywhere they had to take the public transit to get to their destination. So reducing the car use in Paris help get rid of the smog faster. Also, another reason eliminating car usage is an advantage is less traffic backups. In Bogota, Colombia the citizens hiked,biked,skated andor took the public buses to work which left the street empty of traffic jams. Since the mid1990s, the city has had ""A Day without cars"" campaign. Over time, the city has seen over 118 miles of bicycle paths being created and most of Latin American cities. Parks and sports centers also have grown throughout the cities. The sidewalks been replaced by smoother ones, traffic jams have had a dramatic drop and also more restraints and upscale shopping centers were built. So after all, eliminating cars is not a bad thing. In addition to, every year in the United States more and more people been buying fewer cars and getting fewer licenses as each ongoing year goes by. So the question that reaks through everyones mind,""Has America passed the peak driving?"" Well, we may not know that answer for sure but what we do know is there is alot of changes going on. Now we all know this country was the birth place for the very first Model T Ford, and where Wilson Pickett immortalized ""Mustang Sally."" We all have love affairs with cars in this country, but over the past year our love affairs have cooled down some. Statistics show that between 2001 and 2009, driving by young people decreased by 23 percent23%. But when this generation ""grows up"" will the car rates start going back up because the parents have to take their children to soccer practice, school plays? This will remain an open question until that time. As of recently the number of miles driven per person has dropped nearly 9 percent9% below the peak and the same rate as it was in January of 1995. Part of this explaination is because people were unemployed and could not afford new cars. According to Mimi Sheller, different things are converging. For example, she stated that the internet makes telecommunicating possible and easiar and makes peolpe feel more connected to others without driving around. To conclude, there are a plethora of advantages of why limiting car usage is a great benefit to everyone and even the environment! The air pollution will be cut down by a major percent.",0
"any news of him. And in the wretched state of his own finances, there was a very powerful motive for secrecy, in addition to his fear of discovery by Lydia’s relations; for it had just transpired that he had left gaming debts behind him to a very considerable amount. Colonel Forster believed that more than a thousand pounds would be necessary to clear his expenses at Brighton. He owed a good deal in the town, but his debts of honour were still more formidable. Mr. Gardiner did not attempt to conceal these particulars from the Longbourn family; Jane heard them with horror. “A gamester!” she cried. “This is wholly unexpected; I had not an idea of it.” Mr. Gardiner added, in his letter, that they might expect to see their father at home on the following day, which was Saturday. Rendered spiritless by the ill success of all their endeavours, he had yielded to his brother-in-law’s entreaty that he would return to his family and leave it to him to do whatever occasion might suggest to be advisable for continuing their pursuit. When Mrs. Bennet was told of this, she did not express so much satisfaction as her children expected,",0
"Cars are seen as a necessity due to the fact that they make everyday lifetasks easier but wait, so can the internet, cellphones and other technological advancements of the modern era. Cars are no longer as useful as they were made to seem due to the fact that the they come at too much of a figurative and literal cost when compared to other technological advancements or houses. Cars emit a large amount of greenhouse gases ""choking cities"" which is a large contributed to air pollution. Along with the toll they place on the environment, cars cause stress, leaving a mental and physical toll on your body as well. Cars are no longer as useful as when they were first invented. They provided forms of easier transportation to communicate and socialize with others, reach the designated location within a shorter time, and limit how much people had to walk. They are stilled used for these purposes today, but are no longer necessary. The internet allows you to ""feel more connected without driving to meet friends."" Although there hasnt been a ""solution"" to having to walk, there shouldnt need to be. Cars give people another excuse for being lazy. In Bogota, there is an annual day known as Carfree day. on this day, cars are banned from being used and only buses and taxis are permitted in this capital city of 7 million. With a city of so many you would think that the day would have a terrible turnout, but many people benefited from the experience. It allowed people to view the world face to face, instead of behind a sheet of glass. While either riding their bicycle or walking, people are able to take in the sites and try new things that they'd usually pass by while driving. Cars emit a large amount of greenhouse gases ""choking cities"" which contribute to the worldwide problem known as air pollution. Along with the toll they place on the environment, cars cause stress, leaving a mental and physical toll on your body as well. In Europe, passenger cars are responsible for 12% of greenhouse gas emission. In some carintensive areas in the U.S. it is 50%. It has gotten so bad that Paris had to enforce a ban on partial driving to reduce nearrecord pollution. The stress this pollution leaves on the environment is similar to the physical and mental toll, caused by cars, on the body. The large amount of car usage causes traffic jams which can lead to stress and aggitation, and sitting in one position for so long can leave stress on the body cramping. Cars can also cause mental stress due to the fact that they cost so much. many people choose not to own them do to this fact, but the ones who do are not only required to pay for the car, but also have to pay additional fees for things such as insurance. Cars are no longer necessary. There have been many technological advancements made to do what cars can do without the toll placed on the environment and your body.",0
"convinced that you would be gone with such celerity. Your conduct would be quite as dependent on chance as that of any man I know; and if, as you were mounting your horse, a friend were to say, ‘Bingley, you had better stay till next week,’ you would probably do it--you would probably not go--and, at another word, might stay a month.” “You have only proved by this,” cried Elizabeth, “that Mr. Bingley did not do justice to his own disposition. You have shown him off now much more than he did himself.” “I am exceedingly gratified,” said Bingley, “by your converting what my friend says into a compliment on the sweetness of my temper. But I am afraid you are giving it a turn which that gentleman did by no means intend; for he would certainly think the better of me if, under such a circumstance, I were to give a flat denial, and ride off as fast as I could.” “Would Mr. Darcy then consider the rashness of your original intention as atoned for by your obstinacy in adhering to it?” “Upon my word, I cannot exactly explain the matter--Darcy must speak for himself.” “You expect me to",0
"How does the Electoral College affect the selection of the presidency and is it a positive force? Many may answer ""No."" or ""I don't know."" to these questions, only doing such because that's what they've been or what they've heard others say. While many have negative feelings, or no feelings at all, towards the Electoral College, it is a very useful force in electing the President because of its certainty, its transregionality, and it lets ""the most thoughtful voters"" Posner Source 3 decide the election. Swings states let candidates to campaign where it really matters. Being a voter in a swing state means you have to have extra close attention to the campaigns and the candidates, leaving you to be more thoughtful than voters in states that aren't swing states. And in turn voters in these states will definitely receive ""the most information and attention from the candidates"" Posner Source 2. Voters from these states at the end of the campaigns will no doubt be the most informed voters in the nation, giving them the right to decide the fate of the election for the future. A successful president must be voted for across the regions of the United States to fulfill the wants and needs of its diverse people. While popular voting can be skewed naturally to one region or another due to their preferences and populations, the Electoral College ensures that one region can't win a campaign alone. If the President was to win due to popular vote and only because of regional appeal, ""residents of other regions are likely to feel disenfranchised..."" Posner Source 3 and that their president will not best represent everyone's interests. The use of the Electoral College allows for a more certain winner over popular vote, therefore avoiding election crisis. Although there was one ""fiasco"" in 2000, as Bradford Plumer calls it in Source 2, the chance of this happening is very small since ""even a very slight plurality in a state creates a landslide electoralvote victory in that state."" Posner Source 3 For example, in 2012, Obama recieved 61.7 percent of electoral vote while he recieved only 51.3 percent of the popular vote.Posner Source 3. A 1.3 percent from a tie is much, much more close than the 11.7 percent that that the Electoral College gives us. While some may still believe that the Electoral College is outdated and unneccesary, the usefulness of the swing states, its transregional approval system, and its certainty over popular voting proves it to be the best method of selecting our presidents for now and for the future.",0
"The "" "" seems to be a very aggravating phrase for an entire population of people who have become so dependent on it. It's a concept that we can't take in. We Americans use our cars for a personal use daily. We are so accustomed to our cars that we just use it to perform simple tasks that we could use our legs that were given to us, for free, to cross the street. When the average person says that they would like to go to the market across the street, probably about 70%, don't even think about the fact that we could just simply walk there. Cars are enlarging our environment and our health. Cars create so much pollution and is a healthrisk. Our cars seem to be as important as one of our limbs. Something you could not bare to live without. Now here are some of the reasons why. To begin with, cars are polluting our atmosphere. Have you ever heard of the ""green house effect""? It's endangering our Earth, by polluting it, which is contributing to Global Warming. Cars are something we shouldn't always rely on. We have to get accustomed to the way of the pioneers. We all just need to limit the amount of times we use our cars and think, ""hmm.. do i really need to use my car right now? Can't i just use my two working legs to get to where i want to go, which is right down the block."" In the article, ""In German Suburb, Life Goes On Without Cars"", paragraph 5 lines 69, the article states that, and i quote, ""passenger cars are responsible for 12% of greenhouse gas emissions in Europe... and up to 50% in some carintensive areas of the United States."" Which is a whole lot of damage we are inflicting our own environment that we need to thrive on and live off. In reality, cars are overrated. We don't always need it, so we shouldn't always use it. In the article, ""Paris bans driving due to smog"", paragraph 12 lines 13, it states, ""congestion was down 60% in the capital of France, after 5days of intensifying smog."" Imagine all of that pollution on this earth if we kept using our cars, which are slowly killing us. Not only do cars endanger our environment, but it also creates a huge healthrisk factor. Cars can make us become lazy. We can use our cars so much to the point where we could get accustomed to cars and grow tired and weary of using our legs. We may as well just live in a car. Cars could also create lots of stress. In artcile ""Carfree day is spinning a big hit in Bogota."", paragraph 5 lines 12, the author interviews someone and that person claims that, "" It's a good opportunity to take away stress and lower airpollution."" In Conclusion, we together as a whole should limit our car usage to cut back on pollution. We should all learn to be in touch with our environment and to just walk around in our clean, ecofriendly air. If we cut back, we wouldn't have to be worried about Global Warming anymore. We would all be closer, one step at a time.",0
"it differently; found fault with the arrangement of the furniture, or detected the housemaid in negligence; and if she accepted any refreshment, seemed to do it only for the sake of finding out that Mrs. Collins’s joints of meat were too large for her family. Elizabeth soon perceived, that though this great lady was not in the commission of the peace for the county, she was a most active magistrate in her own parish, the minutest concerns of which were carried to her by Mr. Collins; and whenever any of the cottagers were disposed to be quarrelsome, discontented, or too poor, she sallied forth into the village to settle their differences, silence their complaints, and scold them into harmony and plenty. [Illustration: “he never failed to inform them” ] The entertainment of dining at Rosings was repeated about twice a week; and, allowing for the loss of Sir William, and there being only one card-table in the evening, every such entertainment was the counterpart of the first. Their other engagements were few, as the style of living of the neighbourhood in general was beyond the Collinses’ reach. This, however, was no evil to Elizabeth, and upon the whole she spent",0
"but if that be the case, there can at least be no want of subject. We may compare our different opinions.” “No--I cannot talk of books in a ball-room; my head is always full of something else.” “The _present_ always occupies you in such scenes--does it?” said he, with a look of doubt. “Yes, always,” she replied, without knowing what she said; for her thoughts had wandered far from the subject, as soon afterwards appeared by her suddenly exclaiming, “I remember hearing you once say, Mr. Darcy, that you hardly ever forgave;--that your resentment, once created, was unappeasable. You are very cautious, I suppose, as to its _being created_?” “I am,” said he, with a firm voice. “And never allow yourself to be blinded by prejudice?” “I hope not.” “It is particularly incumbent on those who never change their opinion, to be secure of judging properly at first.” “May I ask to what these questions tend?” “Merely to the illustration of _your_ character,” said she, endeavouring to shake off her gravity. “I am trying to make it out.” “And what is your success?” She shook her head. “I do not get on at all. I hear such different accounts of",0
"In our society today, limiting car usage would be the best way to go. There are plenty of advantages to limiting car usage, with a decrease in pollution just to name one of them. If we can capitalize on the downward shift of automobile users in the United States and around the world, then it would benefit all of us in more ways then one. Having a car can be handy to get from point A to point B, but what if you just do not need to use that car at all? What if you are just to lazy to walk or bike to your destination? I am not saying you should walk 80 miles to your aunt's house, but what if it was just to the store that was a half of a mile away. Not to mention that you would be saving good on gas money. There is a mostly car free suburb, for example, in Germany that focuses on a majority of the population of the neighborhood to not use cars. This town is named Vauban, and 70 percent of families do not own a car here. It may sound bad to those who live and die by their car, but with everything in walking distance it makes it easy and accessible to walk from point A to point B most of the time. The residents of this suburb are positive about this change, and they should be, because it is a positive change. One very large problem with the excessive use of cars in one area is air pollution. Lots of cars in the same area commuting can create a thick layer of smoke in the air called smog, and it is not pleasant to experience on the road. That being said, Paris had recently gotten so much smog in the air that it had to put down a partial ban, license plates with even numbers could not drive on Monday, while odd numbered plates could not drive on Tuesday. It sounds crazy, how could such a busy city like Paris realistically put down a travel ban on half of the commuters? Whether you thought it would or not, it worked. Sure there were a couple of motorists who could not take no for an answer and still commuted when they were not suppose to, but a large majority followed the rules of this ban. Apparently the French government underestimated the factor these cars had on the environment, as the ban was recinded early on Tuesday for the pollution almost completely cleared away. In support of those two points, the amount of drivers every year has been going down since its peak point in 2005. The gap is nearly nine percent, almost a tenth of the United States has stopped driving in the last 10 years. With this pattern taking place, scientists believe that it will only have postive benefits for the environment and the communities in the forseeable future. The United States is one of the most polluted countries in the world, which in large part is because of our advanced and highly populated culture. That doesnt mean we cant make a difference and help our community grow into a better place environmentally. One good example of that happening is the car free day in Bogota. In this city millions of people got around without using cars and have been since 1995 in this program. It has led to the blooming of brand new parks and repaved, smoother sidewalks. If millions of Colombians can make their community a better place in a heavily populated area, so should we. To summarize, plenty of places around the world are making good efforts to tone down on car usage. This helps bring down levels of air pollution, enhance the community that those people live in and help their financial situations by saving money on buying a car. If we in America can make these kind of efforts to decrease car usage, our whole country would be better for it in more ways than one.",0
"length, however, Mrs. Bennet had no more to say; and Lady Lucas, who had been long yawning at the repetition of delights which she saw no likelihood of sharing, was left to the comforts of cold ham and chicken. Elizabeth now began to revive. But not long was the interval of tranquillity; for when supper was over, singing was talked of, and she had the mortification of seeing Mary, after very little entreaty, preparing to oblige the company. By many significant looks and silent entreaties did she endeavour to prevent such a proof of complaisance,--but in vain; Mary would not understand them; such an opportunity of exhibiting was delightful to her, and she began her song. Elizabeth’s eyes were fixed on her, with most painful sensations; and she watched her progress through the several stanzas with an impatience which was very ill rewarded at their close; for Mary, on receiving amongst the thanks of the table the hint of a hope that she might be prevailed on to favour them again, after the pause of half a minute began another. Mary’s powers were by no means fitted for such a display; her voice was weak, and her manner affected. Elizabeth",0
"Dear Senator, There have been multiple arguments on wether or not the Electoral College should be used for electing the President. Electing a President by the Electoral College is a better idea than electing a president through popular vote. Representatives know what is right for their country while most of American citizens would not make the right decisions, and sometimes do not even make any decisions at all. First off, citizens themselves elect their own state representatives for the House of Representatives. They vote for them for many reasons. The representatives are well educated. The people vote for the representatives, and in return, they expect and trust the representatives to make the right decisions for them.Electing a new president is a pretty big deal and should be taken care of in the hands of the trusted representatives. According to Richard A. poster's article Five reasons to keep our despised method of choosing the P resident, that trust is rarely betrayed. As stated in reason 3 of this article, "" ...the most thoughtful voters should be the ones to decide the election.""The Representatives are the most thoughtful voters. This is what the representatives do. It is their job. They dedicate most of their life to representing the people who elected them and making decisions on their behalf. They should be the ones doing the decision making. Now if this were not to be this case and popular vote was the priority source of votes in electing a President, then the voting results would be completely biased. There would be a chance that majority of the votes put into the ballot were decided without true thought. People could easily vote on something important just by randomly electing just like closing your eyes and choosing a marble out of a marble jar. They could also vote for the candidate who their best friend voted for and not even think about their own opinion or why they even decided to choose that person in the first place. Another thing that affects the voting charts is the lack of participation. 15% of Americans do not vote. Every American citizen has the right to vote. It is their civil duty to vote during an election, and yet, 15% of them still choose not to. What is better: A country run by people making uneducated decisions on major things or having the thoughtful people be the ones who decide on the course of this country? Unless America increases the quality of education and spreads the word on the amount of importance that it is to vote, important tasks such as electing a President should be kept in the hands of the educated Representatives of the Electoral College. Thank you for your time.",0
"answered. His cousin was as absurd as he had hoped; and he listened to him with the keenest enjoyment, maintaining at the same time the most resolute composure of countenance, and, except in an occasional glance at Elizabeth, requiring no partner in his pleasure. By tea-time, however, the dose had been enough, and Mr. Bennet was glad to take his guest into the drawing-room again, and when tea was over, glad to invite him [Illustration: “Protested that he never read novels” H.T Feb 94 ] to read aloud to the ladies. Mr. Collins readily assented, and a book was produced; but on beholding it (for everything announced it to be from a circulating library) he started back, and, begging pardon, protested that he never read novels. Kitty stared at him, and Lydia exclaimed. Other books were produced, and after some deliberation he chose “Fordyce’s Sermons.” Lydia gaped as he opened the volume; and before he had, with very monotonous solemnity, read three pages, she interrupted him with,-- “Do you know, mamma, that my uncle Philips talks of turning away Richard? and if he does, Colonel Forster will hire him. My aunt told me so herself on Saturday. I shall walk",0
"For a long time now we have been fighting against global warming and polution. Some people why we cant just end the fight quickly. And the reason is simply because we still rely so much on cars. All people need to find so type of way to stop using cars as much. There are some places that are already starting to limit uses. Like in Vauban, Germany who has a ban on cars, Paris, France who can use certain cars on certain days, and bogota, Colombia. One way people could limit their use of cars is if they did something like what Vauban, Germany did. Build cities that had no drive ways and no parking lots. That way people had to buy parking garage spots that cost alot of money. According to source one passenger cars are responsible for twelve percent of greenhouse emissions in Europe. Many will think this is not alot but think about how much polution there is, then find out how twelve percent is it will be alot. But when these types of cities are made there will be a reduce in the emissions because little if any cars we be driven here. In source one Heidrun Walter said ""When I had a car I was always tense. I'm much happier this way."" This showes that without cars in people life it removes a tremondus amount of stress. People dont have to worry about spending money on gas or they don't have to worry about paying large amounts of money for their car to be fit. When there is not so much money at stake you tent to be a little less tense. Obvously creating a city were you have to buy a parking garage spot to hold your car would be a great idea because it would reduce the amount of polution being released and it would make the people living in the city less stressed. Another ways people could limit the use of cars is if they do something like Paris, France does. They placed a ban on cars with odd numbered licens plates on Mondays, And placed a ban on cars with even numbered licens plates on Tuesdays. They did this because they were having record breaking amounts of polution being released. They were releasing more polution than Beijing, China who is the leading city in polution. But according to article two Paris found a sixty percent decrease in polution in just five days of this even odd ban. This means they lost more than half of the cities polution by limiting the cars on Monday to only even licens and limiting the cars to only odd licens on Tuesday. Cleary this is a very effective method of reducing the amount of cars being used. A third way cars could be used less is if you have no car days like bogota, Colombia has. In article three Carlos Arturo Plaza says ""It's a good way to take away stress and lower air polution."" He is saying that cars a cause for polution and doing this day is a good way of lowering polution rates. This source also stated that other cities in Columbia like Cali and Valledpar are joining in this event. It is also said that other country leaders go to Colombia to watch this event. Afterwards they say the event is awesome. This means that not only is the event spreading across Colombia, but it could possibly spread to other countries as well. Without a doubt this is another effective way to limit the use of cars. It is clear that cars are a problem. But many people use them anyway, but what they don't think about is how much they are contributing to polution. Some ways to limit car usage are create cities where you have to pay for a place to store you car, have and even odd licens day, and have no car days.",0
"Dear State Senator, The Electoral College is an anachronism. It belongs in the past and should not decide who are president is going to be anymore because its not who the majority of people really want to be leading,it could cause a tie,and its unfair to voters. Abolishing the electoral college has been a thing people have wanted gone for some time. Because of the electoral college the popular vote has not effected who becomes president. According to the article,The Indivisible Electoral College,over 60 percent of voters would prefer a direct election tha the one we have now. this means many people would rather switch out the electoral college with a direct vote. With the electoral college still up voters can expect another close election in which the popular vote winner could lose again. Perhaps the most worrying is the prospect of a tie in an election. According to the article,The Indivisible Electoral College,if the election was a tie it will be thrown to the House of Representatives,where state delegations vote on the president.This mean that people would still have no say in the matter of choosing a president. At the most basic level the electoral college is unfair to voters. Because of the winner take system in each state candidates dont spend time in states they know they have no chance of winning in. According to the article,during the 2000 campaign,seventeen states didnt see candidates at all. This means voters didnt even have a chance to vote. The electoral college should be ruled out in the future because its not who people really want to lead,it could result in a tie, andits unfair to voters. If its removed then there would be better leaders in the future.",0
"the rest; though when the first tumult of joy was over, she began to declare that it was what she had expected all the while. “How good it was in you, my dear Mr. Bennet! But I knew I should persuade you at last. I was sure you loved your girls too well to neglect such an acquaintance. Well, how pleased I am! And it is such a good joke, too, that you should have gone this morning, and never said a word about it till now.” “Now, Kitty, you may cough as much as you choose,” said Mr. Bennet; and, as he spoke, he left the room, fatigued with the raptures of his wife. “What an excellent father you have, girls,” said she, when the door was shut. “I do not know how you will ever make him amends for his kindness; or me either, for that matter. At our time of life, it is not so pleasant, I can tell you, to be making new acquaintances every day; but for your sakes we would do anything. Lydia, my love, though you _are_ the youngest, I dare say Mr. Bingley will dance with you at the next ball.” “Oh,”",0
"after her. Mr. Darcy corroborated it with a bow, and was beginning to determine not to fix his eyes on Elizabeth, when they were suddenly arrested by the sight of the stranger; and Elizabeth happening to see the countenance of both as they looked at each other, was all astonishment at the effect of the meeting. Both changed colour, one looked white, the other red. Mr. Wickham, after a few moments, touched his hat--a salutation which Mr. Darcy just deigned to return. What could be the meaning of it? It was impossible to imagine; it was impossible not to long to know. In another minute Mr. Bingley, but without seeming to have noticed what passed, took leave and rode on with his friend. Mr. Denny and Mr. Wickham walked with the young ladies to the door of Mr. Philips’s house, and then made their bows, in spite of Miss Lydia’s pressing entreaties that they would come in, and even in spite of Mrs. Philips’s throwing up the parlour window, and loudly seconding the invitation. Mrs. Philips was always glad to see her nieces; and the two eldest, from their recent absence, were particularly welcome; and she was eagerly expressing her",0
"they have another, who lives somewhere near Cheapside.” “That is capital,” added her sister; and they both laughed heartily. “If they had uncles enough to fill _all_ Cheapside,” cried Bingley, “it would not make them one jot less agreeable.” “But it must very materially lessen their chance of marrying men of any consideration in the world,” replied Darcy. To this speech Bingley made no answer; but his sisters gave it their hearty assent, and indulged their mirth for some time at the expense of their dear friend’s vulgar relations. With a renewal of tenderness, however, they repaired to her room on leaving the dining-parlour, and sat with her till summoned to coffee. She was still very poorly, and Elizabeth would not quit her at all, till late in the evening, when she had the comfort of seeing her asleep, and when it appeared to her rather right than pleasant that she should go down stairs herself. On entering the drawing-room, she found the whole party at loo, and was immediately invited to join them; but suspecting them to be playing high, she declined it, and making her sister the excuse, said she would amuse herself, for the short time she",0
"Dear Senator, We the people, of the United States of America..... These are the first words written upon the Declaration of Independence. This is our very earliest document showing our democratic tendencies, and how we act as one. It also shows how we make decisions among ourselves as a people, as opposed to having other make decisions for us. This leads me to what I wish to discuss with you. Others do not vote for us. We vote for ourselves. We decide who leads us, who will help us get to a better place, who will decide what to do about the national debt, who will pass laws concerning immigrants and the minimum wage. We do. Not you, not the House of representatives, and most certainly not the Electoral College. Which is why there should be no Electoral College. The Electoral College is a group of people whom elect the president2. How many for each candidate there are is decided by us, the voters. But heres the thing most voters think they're voting for the president. They dont even know what they're voting for! And even if some do, its easy to get confused and accidentally vote for the wrong candidate10. While one vote may not skew the entire election, a couple thousand can. Many who support the Electoral College will say that voting by popular vote is a bad idea because of the possibility of a tie18. But in reality, it is just as easy to tie in the Electoral College. Its happened recently too, in 1888 and again in 200018. This isn't the only thing thats broken about the Electoral College. The possibility that a president could win by popular vote, but lose the campaign due to the electoral vote is filthy. It is unfair to the people, and far from democratic. The Electoral College is an anachronism15. It reminds me of the Roman Republic really, and we are not romans, and this is not a republic. Or, at least, its not supposed to be. Something else that is unfair to the people. Due to the Electoral College candidates only focus on large states, or swing states13. Voters in small states, such as Wyoming, will never see the candidates and may see only one or two camaign ads. They can't get to know the candidates and make an informed decision. And even in the regional states, democrats should always be trying to convert republicans to their side and vice versa. But because of the large swing states, this rarely happens. The possibilty of corruption among the Electoral College, is also a present danger. I'm sure you remember form history class how party bosses took advantage of naive immigrants. I can imagine republican electors being paid off or threatened so that they vote democrat. Can you really trust the electors? According to a poll in 2000, 60% of people want to activate a popular vote system. Popular soverignty worked well for awhile when it came to the topic of slavery, why won't it work for us now? And why would anyone want such an outdated system like the Electoral College in place? Think upon my words Mr. Senator. The Electoral College needs to end.",0
"Dear Senator, I heartily agree that we the people should keep the electoral College. Like you may already know, ""the ElectoralCcollege is a process, not a place."" Our founding fathers have made it, and as we look back into history, we realize that they were right about how a lot of things run in the U.S., so why should we question them now? Even we too as citizens know that they were right for making the Electoral College. As much as we aren't a citizen ruled society, we aren't a totalitarian society either. A really good reason for having the Electoral College is simply recognized by saying that it kind of gives usthe citizens of America the ""power"" to vote for our president, rather than it being inherited, or voted upon solely by government officials, or some random process like in North Korea where Kim Jung Uun gets voted because he basically brainwashed his people into loving him. It gives us a certainty that we can chose the betterment for America. Also, though roughly half of the U.S. might agree, and the other half might disagree, you are entitled to your own opinion, and voting gives you the chance to show your opinion about whom you believe should be able to run our beautiful homeland as our trusted founding fathers once did, as president. I'm sure that it has come to you that their are, in fact, several great reasons for allowing the Electoral college still run, but their is a couple of downsides. First off, the people within the Electoral College that vote for us citizens, don't vote for each individual person, they vote based upon who is voted the most in their relative area in whichever state their in, so the people don't all get their votes out. This could have turned several presidential elections around and helped the man or woman that lost in the election to win it. After seeing the great pro's and the tiny con's, I'm sure your settled upon the opinion of holding on to the Electoral College,though you are entitled to your own opinion, you can't deny the facts.",0
"Dear, Senator There are many ways in keeping the change to election by popular vote for the president of the United States instead of keeping the Electoral College. The Electoral College is a difficult process to go through. The Electoral College consists of the electors, where they vote for the President and the Vice President and also the counting of the electoral votes by Congress. Electoral College is unfair, outdated to the voters, by using the election by popular votes for the president of the United States is fair to voters because they get to choose the person to run the office for four years. To begin with, in favor keeping the change to election by popular vote for the president of the United States is very helpful for the voters to vote easily to choose and listen to the candidates to see who will be great to the world. In source 3: ""In Defense of the Electoral College: Five reasons to keep our despised method of choosing the President"" by Richard A. Posner in paragraph 20 states, ""Voters in tossup states are more likely to pay close attention to the campaignto really listen to the competing candidatesknowing that they are going to decided the election"". What this quote is trying to say that letting the voters choose and listen to the candidates very carefully to decide on the election, who will be helpful. Letting voters vote are likely to be the most thoughtful voters, on average and that they will received the most information and attention from the candidates. By arguing keeping the popular votes for the president of the united States is very fair to the voters. Furthermore, the people such as the voters help choose the state's electors when you are voting for the President. For example, in source 1: ""What Is the Electoral College?"" by the Office of the federal Register in paragraph 6 say, ""You help choose your state's electors when you vote for president because when you vote for your candidate you are actually voting for your candidate's electors."" This quote explains that the voters get to choose the President but it's actually voting for the candidate's electors. It's more easier keeping the popular vote for the president of Unites States instead of keeping the Electoral College because its a difficult process to go through. Its true that election by popular vote for the president of United States is a good argument for the voters to choose wisley. As this can be seen as in source 2: ""The Indfensible Electoral College: Why even the bestlaid defenses of the system are wrong"" by Bradford Plumer in paragraph 9 states, ""This year voters can expect another close election in which the popular vote winner could again lose the presidency."" For example, in the 2000 U.S presidential race, Al Gore received more individual votes than George W. Bush nationwide, but Bush won the election by receiving 271 electoral votes to Gore's 226. By keeping the popular vote for the President of the United States is more easier for the society instead of using the Electoral College. In Conclusion, why keep the Electoral College, when you can you use the popular vote. So by keeping the popular votes is useful to let these people vote on who they want to choose. So by other people perspective, you should keep the popular votes. Sincerly, anonymous, hopefully your satisfied.",0
"Many cities and countries are starting a new trend that is not using cars at all. Vehicles can cause many problems such as air pollution, congested roads, and injuries due to wrecks. Some cities have started some type of way to promote how bad vehicles really are and advising people on what to do to stop driving. For three years in Bogota, columbia, the city has a day called, ""Day Without Cars"" where in this city, home of seven million citizens, nobody can use a vehicle unless they are willing to pay a 25 fee if they were get caught. Columbians greatly support this cause by hiking, biking, skating, and taking the bus to work. This caused the roads to be clear and not congested like they usually are. Paris has a system to help support limiting car use as well. They take even and odd numbered license plates and designate a day that's either even or odd. On the even day, car owners that have an even license plate are ordered to leave their car at home, and vice versa for odd. If they have drive their car on the day they were ordered to leave it home, they have to pay a fee of 31. The United States has reached a point to where cars are starting to become unpopular. In 2005, the amount of miles driven peaked, and in April 2013, the number of miles driven per person was down approximately 9% below the peak in 2005. That is equal to where the U.S. was in 1995. Another advantage of limiting car usage is that some companies that are in the computercell phone business are making more money. In the United States, many people are using the computer and telephone to communicate with people because it's faster and easier to access than having to drive around town to meet with someone. This means that computer websites are making more money and the phone companies are making more money since people are using their phones more often. Next, cars can cause major stress to some people. Traffic jams, animals running across the road, not being able to see due to smog, and car accidents stress people out because they are either too busy to deal with it or being scared that they might hurt someonesomething or may even get hurt themselves. ""When I had a car I was always tense. I'm much happier this way,"" said Heidrun Walter in an article written by Elisabeth Rosenthal. Also people's health could improve tremendously as a result of limiting car usage. Walking to work could burn the calories that people ate at breakfast. Hiking, running, skating, and biking to meet up for lunch or for little kids to go to the play ground could greatly increase people's health. Since people would be technically exercising while going to places, they would be more proned to drinking water to rehydrate themselves which would make them a healthier person in the process as well. The process of limiting car usage has started or has already taken over cities and countries. It can reduce stress, increase the health of people, and increase the profit for business. The advantages of limiting car usage may seem small, but in the end they will have a huge impact on societies.",0
"but little assisted by education or society; the greatest part of his life having been spent under the guidance of an illiterate and miserly father; and though he belonged to one of the universities, he had merely kept the necessary terms without forming at it any useful acquaintance. The subjection in which his father had brought him up had given him originally great humility of manner; but it was now a good deal counteracted by the self-conceit of a weak head, living in retirement, and the consequential feelings of early and unexpected prosperity. A fortunate chance had recommended him to Lady Catherine de Bourgh when the living of Hunsford was vacant; and the respect which he felt for her high rank, and his veneration for her as his patroness, mingling with a very good opinion of himself, of his authority as a clergyman, and his right as a rector, made him altogether a mixture of pride and obsequiousness, self-importance and humility. Having now a good house and a very sufficient income, he intended to marry; and in seeking a reconciliation with the Longbourn family he had a wife in view, as he meant to choose one of the daughters, if",0
"mind was allayed by this conversation. She had got rid of two of the secrets which had weighed on her for a fortnight, and was certain of a willing listener in Jane, whenever she might wish to talk again of either. But there was still something lurking behind, of which prudence forbade the disclosure. She dared not relate the other half of Mr. Darcy’s letter, nor explain to her sister how sincerely she had been valued by his friend. Here was knowledge in which no one could partake; and she was sensible that nothing less than a perfect understanding between the parties could justify her in throwing off this last encumbrance of mystery. “And then,” said she, “if that very improbable event should ever take place, I shall merely be able to tell what Bingley may tell in a much more agreeable manner himself. The liberty of communication cannot be mine till it has lost all its value!” She was now, on being settled at home, at leisure to observe the real state of her sister’s spirits. Jane was not happy. She still cherished a very tender affection for Bingley. Having never even fancied herself in love before, her regard",0
"their father, and written with all the solemnity of gratitude which a twelve-month’s abode in the family might have prompted. After discharging his conscience on that head, he proceeded to inform them, with many rapturous expressions, of his happiness in having obtained the affection of their amiable neighbour, Miss Lucas, and then explained that it was merely with the view of enjoying her society that he had been so ready to close with their kind wish of seeing him again at Longbourn, whither he hoped to be able to return on Monday fortnight; for Lady Catherine, he added, so heartily approved his marriage, that she wished it to take place as soon as possible, which he trusted would be an unanswerable argument with his amiable Charlotte to name an early day for making him the happiest of men. Mr. Collins’s return into Hertfordshire was no longer a matter of pleasure to Mrs. Bennet. On the contrary, she was as much disposed to complain of it as her husband. It was very strange that he should come to Longbourn instead of to Lucas Lodge; it was also very inconvenient and exceedingly troublesome. She hated having visitors in the house while her",0
"Cars come in different colors, and are what we use to transport anything. Whether it a family going on vacation, going to work or going to school. With all of these possible benefits and more is what we gain from cars. We don't realize how cars really have an effect in our everyday changing world. That the moment we put the car key in to turn on the car we are creating are more hazardous world for the present time and the future to come. By,limiting car usage in the world we can do many positive and beneficial things like in our atmosphere, becoming a independent person without the need of a car, and to be relive as oneself. To begin with, pollution can be reduced like never ever before in are world named history. Pollution now in days is just terrible to have. It not just make it difficult for us to breathe but, as well it destroy the atmosphere that we need protect us from the harmful rays of the sun. The greenhouse effect can be lowered if we limit the use of cars. This can be actually proven with the following exert of the passage,"" And that experts say, is a huge impediment to current efforts to drastically reduce greenhouse gas emissions in Europe...and up to 50 percent in some carintensive areas in the United States."" Source 1 The point that I'm really trying to convey, is that we can do this all together if we limit the car usage. There should be a well and profounded effort to do so. Another example would be that if we dont limit the usage of cars we can not have a fresh and clear atmosphere. Can you imagine a day that you wake up to find, that all that was around you be nothing but a smog and prevent you to see and do anything? The car we have produce dangerous toxic that can up in are air and can be very hard for us later on. But if limit car usage, we can prevent this from happening. Not, just us but to other place in the world. This was what happen in France ,to prevent the usage for cars producing that smog they created an renforce day to prevent the use of car. Which lead to a shocking over turn of news. Like so in the following,""Congestion was down 60 percent in the capital of France"" Source 2 What I'm trying to inform once again is that we limit we can create a better fit living world to be in. This is one advantages that we can do as fellow citizens in our country Which lead to me to my othe point, there is more that we have in advantage of limiting the usage of cars. It is a way of ""smart planing"" ourself as a community. We can live a more free caring world without the need of a car. Technology can play a part in the limit of of car usage. As stated in the folllowing ""The Internet makes telecommuting possible and allows people to feel more connected without driving to meet friends."" Source 4See this occur and happen this a will fitted advantage to us all. Another, advantage that we have in hand is the ability to relieve our stress level to a much stable level. which lead to me to my other insight of information, ""When I had a car I was alwaystense. I'm much happier this way"" said Heidrun Walter"" Source 1 Being in the car makes it complicated and diifficult. This is another way for us take advantage to limit the use of cars. In conclusion, there are many advantegous for that we can benifit from that if we limit the use of care by lower pollution in are atmospher, creating a more benficial way for ouself without the need of a car, the relive of oneself.",0
"Transportation. A means of arriving at your destinations, a reliable way to get around. Humans use transportation everyday whether its by car, walking, biking, running, etc., but we mostly rely on cars to get around. Cars, although very useful in needing to travel, have very resourceful qualities that humans tend to overlook. These qualities are effecting the environment in negative ways. Many countries are taking action to enforce a better protection for the environment by limiting usage on cars to reduce the smog pollution and to distance human's reliability on cars. One of the main issues faced today is pollution because it causes diseases and illnesses, ruining the earth's population. Smog is caused by car pollution which is increasingly more common found throughout the world because of the mass amount of vehicle usage per day. Paris has banned driving on Monday's ""...to clear the air of the global city"". Par. 10 Many face a 22euro fine if not obeying by the nodriving policy. This has helped decrease congestion by 60 percent and decrease smog pollution. Diesel fuel was blamed for most of the problems in France due to the majority of diesel engine fueled vehicles. Taking away usage of vehicles minimizes this problem. This drastic change in transportation has encouraged Obama to spread limited car usage to the United States to help the greenhouse gas emissions. The U.S. is most reliable on cars for transportation. Less people in the U.S. over time have delayed on receiving their leaners permit and license, decreasing car usage. ""...beneficial implications for carbon emissions and the environment, since transportation is the second largest source of America's emissions..."". Par. 34 Although pollution is a prime issue, humans rely way too much on cars as a means of transportation. In order to help this problem Vauban, Germany has gotten rid of cars. They have limited car usage to only a few places, such as huge highways where they're necessary, and they have limited parking to huge garages instead of ones in your house. This has become an increasing impact on the world and other countries by showing ""...an example of a growing trend...to seperate suburban life from auto use,..."". Par. 4 Bogota, Columbia is also eager to spread the decrease in car limitiation to other countries by taking off days from car usage. This has helped humans to become more proactive and to become active in keeping the environment safe and pollution free. Relying less on cars benefits humans as well because not as much of their money will be turned towards automobiles. ""In previous bills, 80 percent of appropriations have by law gone to highways and only 20 percent to other transport"". Par. 9 This has impacted the environment and humans in a beneficial way. Promoting more carreduced communties, has proven to be more effective in caring for the emnviorment. Many countries that take action in reducing automobile usage have more control financially and decrease pollution meandering through the earth's precious air. Limiting car usage is an advantage on society because it reduces smog and makes humans less reliable on cars for transportation.",0
"Dear Senator, I, STUDENT_NAME, am in favor of changing our democracy to popular vote. Electoral college does no good to our society. It's out of date, it's irrational, everybody in this case has a great chance of becoming president. That is no good, we do not need idiots running our country. Election by popular vote is the best way to go. You will have a certain outcome and votes will be fairly made. It benefits everybody. More than half of our population wants you guys to make the switch. The electoral college is not an up to date voting method. Our founding fathers made it many years ago while writing the constitution. It is a long process of nonsense that has no advantages to us, the people. By popular vote, it's faster, simpler, and better. Popular vote is basically a group of qualified citizens voting for the president. Popular vote is the best way for people to directly voice their opinions by picking the president of their choice. If we use the Electoral college, the electors of our state may not deliever it properly. Over 60 percent of voters prefer direct elections. Government officials such as Richard Nixon, Jimmy Carter, the U.S. Chamber of Commerce, and others all thought we should abolish the electoral college. Many things are wrong with the electoral college, we don't directly vote for the president but for the slate of electors, who eventually vote for the president. It in no way benefits the people, they have no control over who the electors pick. In many cases, people have decided to not even vote because there was no hope. If there are greater chances of everybody being president, not only is there a fool running the country,he isn't going to worry about your interests or needs. If your own president won't help your interests, potential voters may be turned off. Isn't that horrible, to feel that our president isn't our president? Knowing that our vote will have less of an elect, we won't want to vote. Voters in presidential elections are people who have something to say and actually want to express themselves. They are not the people who don't care and just vote to vote. You and the rest of the senate should consider this very deeply. It isn't just benefiting the people, but congress, the whole senate and most importantly, the president. It will make us a better nation and one as a whole. I hope you take this into great consideration and make the change. The only way to get back the peoples trust and votes is by taking baby steps. This is one great step and good things may come out of this.",0
"their own, I dare say, whenever that happens.” “It was a subject which they could not mention before me.” “No; it would have been strange if they had. But I make no doubt they often talk of it between themselves. Well, if they can be easy with an estate that is not lawfully their own, so much the better. _I_ should be ashamed of having one that was only entailed on me.” [Illustration: “When Colonel Miller’s regiment went away” [_Copyright 1894 by George Allen._]] CHAPTER XLI. [Illustration] The first week of their return was soon gone. The second began. It was the last of the regiment’s stay in Meryton, and all the young ladies in the neighbourhood were drooping apace. The dejection was almost universal. The elder Miss Bennets alone were still able to eat, drink, and sleep, and pursue the usual course of their employments. Very frequently were they reproached for this insensibility by Kitty and Lydia, whose own misery was extreme, and who could not comprehend such hard-heartedness in any of the family. “Good Heaven! What is to become of us? What are we to do?” would they often exclaim in the bitterness of woe. “How can you",0
"Mercedes, BMW, Jaguar, and Audi. What do these car companies have in common? Less people are intrested in them, limiting car usage in certain places has lead to the popularity and need of owning a car decrease. Which so that there are advantages to limiting car usage such as less pollution and less traffic. To begin, limiting car usage can lessen the amount of pollution in the air. Pollution is a topic used when hybrid cars are being talked and how they use less gas and pollute less but what about no pollution at all. How can we stop pollution? By no longer needing cars because ""Passenger cars are responsible for 12 percent of greenhouse gas emissions in Europe and up to 50 percent in some carintensive areas in the United States."" Elizabeth Rosenthal paragraph 5. Fifty percent in the U.S. of greenhouse gas that is outrageous. As Americans we need to see that the greenhouse gases are causing all the global warming and animals becoming extinct because the environment around them is changing in ways they aren't used to. Limiting greenhouse gases is a must if pollution one day is going to stop. Also, limiting car use can benefit getting rid of the amount of useless gases in our atmosphere. As humans we need oxygen to live but in our atmosphere we currently have less then twenty percent of oxygen. We breathe in nitrogen, hydrogen, carbon dioxide, etc. In order to get rid of one or two of these gasses we need to limit the car use because limiting car use ""Will have beneficial implications for carbon emissions and the environment, since transportation is the second largest source of America's emissions."" Elizabeth Rosenthal paragraph 34. Cars make up so much of our gas emissions which is a huge reason to why the air is so mixed with many different gasses that our body just dosen't need, and so much smog and air pollution that is heating everything up and killing our planet that we currently inhabit. Unless we have colonies on Jupiter and Mars it seems like we are only killing ourselves. To continue, limiting car usage can help lower the amount of traffic on the street. When diriving people always get mad when there is traffic or if they are caught in rush hour, why not just say getting to my job is a two minute drive I should just walk. Plus traffic can cause accidents wether it's someone in a hurry, or road rage, or just a complete accident, they happen. France at one point banned even number licence plate cars from driving on certain days and odd number licence plate cars on another to limit pollution, but one intresting stat from when they put the restrictions in place ""Congestion was down 60 percent in the capital of France."" Robert Duffer paragraph 14. Traffic down sixty percent in such a large city which also has to help the tourist who don't have to wait so long for their taxi driver to get to the Eiffel Tower. Having traffic down such a huge percentage is an enourmous thing to have in a large area like that because an accident in that city can ruin a lot of people's days so limiting car usage can help in that situation. Also, every year in Cloumbia they have a day without cars to limit pollution and to encourage everyone to get out more and to walk and run around in the city of Bogota which is the city in which the day is held. Columbia limiting there use even if it's once a year is great where ""Rushhour restrictions have dramatically cut traffic."" Andrew Selsky paragrah 28. Limiting car use for one day a year even helps for one day of traffic where rush hours have very little traffic where the only people on the road are the people who don't want to follow the day with no cars. Having the little bit of traffic extremely helps tourist and people who have to use cabs to get around the city to go to work. To conclude, major car companies like BMW and Jaguar need to watch out because not only is the popularity in cars not as high anymore, the need for them might be just as low because of countries stepping in and limiting car use to help lower the amount of pollution and traffic as they are helping to make the world a better place.",0
"of such a place as Gracechurch Street, but he would hardly think a month’s ablution enough to cleanse him from its impurities, were he once to enter it; and, depend upon it, Mr. Bingley never stirs without him.” “So much the better. I hope they will not meet at all. But does not Jane correspond with his sister? _She_ will not be able to help calling.” “She will drop the acquaintance entirely.” But, in spite of the certainty in which Elizabeth affected to place this point, as well as the still more interesting one of Bingley’s being withheld from seeing Jane, she felt a solicitude on the subject which convinced her, on examination, that she did not consider it entirely hopeless. It was possible, and sometimes she thought it probable, that his affection might be re-animated, and the influence of his friends successfully combated by the more natural influence of Jane’s attractions. Miss Bennet accepted her aunt’s invitation with pleasure; and the Bingleys were no otherwise in her thoughts at the same time than as she hoped, by Caroline’s not living in the same house with her brother, she might occasionally spend a morning with her, without any danger of",0
"prospect of the Netherfield ball was extremely agreeable to every female of the family. Mrs. Bennet chose to consider it as given in compliment to her eldest daughter, and was particularly flattered by receiving the invitation from Mr. Bingley himself, instead of a ceremonious card. Jane pictured to herself a happy evening in the society of her two friends, and the attentions of their brother; and Elizabeth thought with pleasure of dancing a great deal with Mr. Wickham, and of seeing a confirmation of everything in Mr. Darcy’s look and behaviour. The happiness anticipated by Catherine and Lydia depended less on any single event, or any particular person; for though they each, like Elizabeth, meant to dance half the evening with Mr. Wickham, he was by no means the only partner who could satisfy them, and a ball was, at any rate, a ball. And even Mary could assure her family that she had no disinclination for it. “While I can have my mornings to myself,” said she, “it is enough. I think it is no sacrifice to join occasionally in evening engagements. Society has claims on us all; and I profess myself one of those who consider intervals of",0
"of waiting on her after his return from London, whither he was obliged to go the next day for a short time. Mrs. Bennet was perfectly satisfied; and quitted the house under the delightful persuasion that, allowing for the necessary preparations of settlements, new carriages, and wedding clothes, she should undoubtedly see her daughter settled at Netherfield in the course of three or four months. Of having another daughter married to Mr. Collins she thought with equal certainty, and with considerable, though not equal, pleasure. Elizabeth was the least dear to her of all her children; and though the man and the match were quite good enough for _her_, the worth of each was eclipsed by Mr. Bingley and Netherfield. [Illustration: “to assure you in the most animated language” ] CHAPTER XIX. [Illustration] The next day opened a new scene at Longbourn. Mr. Collins made his declaration in form. Having resolved to do it without loss of time, as his leave of absence extended only to the following Saturday, and having no feelings of diffidence to make it distressing to himself even at the moment, he set about it in a very orderly manner, with all the observances which he",0
"her to disclose the real truth? Oh, that I knew how it was!” But wishes were vain; or, at best, could serve only to amuse her in the hurry and confusion of the following hour. Had Elizabeth been at leisure to be idle, she would have remained certain that all employment was impossible to one so wretched as herself; but she had her share of business as well as her aunt, and amongst the rest there were notes to be written to all their friends at Lambton, with false excuses for their sudden departure. An hour, however, saw the whole completed; and Mr. Gardiner, meanwhile, having settled his account at the inn, nothing remained to be done but to go; and Elizabeth, after all the misery of the morning, found herself, in a shorter space of time than she could have supposed, seated in the carriage, and on the road to Longbourn. [Illustration: “The first pleasing earnest of their welcome” ] CHAPTER XLVII. [Illustration] “I have been thinking it over again, Elizabeth,” said her uncle, as they drove from the town; “and really, upon serious consideration, I am much more inclined than I was to judge as your eldest sister",0
"Mustangs, Mercedes, Hummers , and the ""Punch buggy "" are just a few brands of vehicles well known in America. vehicles today are big factor in life for the reason that cars are used every single day all around the world as transportation and although we have the bus or other ways to get to places , driving is the most selected choice to get to a location. With that being said , vehicles being used everyday has it positives and negatives. Positives could be how it takes you to a location quicker than riding a bike or taking a walk , but have you ever thought all the negatives there is when a car being used has ?Could you only imagine a world without car? It may seem like a crazy idea to think a world without cars but a life without cars could be a well functional world for the reason that cars could have contribution to pollution in our air or could make the world a so called different place. In Addition, driving could have a contribution to pollution. Many may not think about it but cars emissions pollute the air we breath. In a article called ""Paris bans driving due to smogs"" it states how "" after days of near record pollution in the air ,Paris enforced partial driving to clear their pollution. Also how cold nights and warm days caused a warmer layer of air that trapped cars emission when used in Paris."" Pollution in our air may seem a bit scary but the movement of less driving has already began without us noticing.In another article named "" The End of Car Culture"" it speaks on the subject "" there has been a decrease in America in buying cars and driving."" Which is a great start to a better future in our world. Furthermore , We can make the world a so called different place for the better. In a article called ""In German Suburb, Life goes on Without Cars"" it states how ""their world with any cars has been successful by making where they live more compact and accessible to public transportation. This new approach now stores can be placed a walkway from main street than malls along a distant hallways."" Many places around the world have made a step to a better world for example in a article named "" Carfree day is spinning into big hit in Bogota"" it states "" they had a day free of cars aka driving free to reduced thier pollution and have a more clean better world. Results from this event turned out successful , for that other countries have joined this event."" In Conclusion , A world without cars may seem crazy however just think of all the damages it does to the world than the positives because pollution is not something easy to get rid of and by stepping up to make change as it already began will help us live in a better clean world.",0
"Dear Senator of Florida, I think changing the election by popular vote for the President of the United States would be a better and and more fair way of voting. The Electoral College may work and all but even the bestlaid defenses of the system are wrong. ""Under the electoral college system, voters vote not for the President, but for a state of electors, who in turn elect the President."" Voting gives people rights and freedom that not everybody has. If a voter wanted to vote for a President their vote should go towards the President, not the electors of the state, in all fairness. According to Plumer many people agree with the idea of changing the voting system by stating, ""...over 60 percent of voters would prefer a direct election to the kind we have now."" In plumber's article he says, the single best argument against the electoral college is what we might call the disaster factor. The American people should consider themselves lucky that the 2000 fiasco was the biggest election crisis in a century the system allows for much worse."" By putting this statement in his article he is trying to say that the system we have now could all go up in flames if the right thing happened to get rid of the Electoral College, so Americans should watch out. The Electoral College is unfair due to the winnertakeall system. In this system candidates for the presidency don't go to smaller states because they know they won't win with those states. They stick to the big states with more electoral votes or with the ""swing"" states. That's what I call selfish. I understand that ""each party selects a slate of electors trusted to vote for the party's nominee..however, it is entirely possible that the winner of the electoral vote will not win the national popular vote."" If the next President were to win the electoral vote but not the popular vote that is like saying that only the Electoral College voted and not the real voters, the people. All in all ""It's official: The Electoral College is unfair, outdated, and irrational."" I would greatly appreciate if you read this over and thought about the topic I have addressed to you. Thank you for your consideration.",0
"Dear Senator, I want to change to election by popular vote for the president of the United States because it is easier and makes a lot more sense. When you vote by the Electoral College, you are actually voting for your candidates electors. When you vote for the electors, it doesn't necessarily mean they will vote for their candidate. Voters can't always control who their electors vote for, as stated in ""Can voters control whom their electors vote for? Not always."" There is a single argument against the Electoral College is best known as the disaster factor. In 1960, segregationists who were in the Louisiana Legislature succeeded in replacing the Democratic electors with electors that would oppose John F. Kennedy. They did this so that a popular vote for Kennedy would not have actually gone to Kennedy. In almost the same way, ""faithless"" electors sometimes refuse to vote for their party's candidate. Instead they cast a deciding vote for whoever they want. The electors and segregationists in the Electoral College think they can do whatever they please. They make decisions that wouldn't be fair to the voters or the candidates. If the voter votes for a certain candidate but the elector votes for a different candidate, this could cause trouble and madness within the election. The Electoral College is not always fair. However, if we switch to the election of the popular votes, the election would be fair. The candidates would be chosen based on the number of votes they got from voters, not by who the electors want to vote for. People also worry about the prospect of a tie in the Electoral College. If this happens, the election would be handed over to the House of Representatives. Then the state delegations would vote on the president. In this case, the Senate would choose the vicepresident.""Because each state casts only one vote, the single representative in Wyoming, representing 500,000 voters, would have as much say as the 55 representatives from California, who represent 35 million voters"". From this context, we can say that the House's selection can barely be expected to reflect the will of the people. I think the Electoral College is not accurate and the electors in it are not very fair. If someone elects a certain candidate, but the elector votes for someone else, there really isn't a purpose for people to vote. If people don't vote, then our country won't have a president. The Electoral College can take this country downhill in several ways. We should let the people decide who they want to run their country. That way, the voting will be more fair, easier, and not as many bad things could happen while the process of voting is going on. I think the Electoral College should not be the way that our country's citizens should vote by.",0
"advice could be of any service, recommended an express to town for one of the most eminent physicians. This she would not hear of; but she was not so unwilling to comply with their brother’s proposal; and it was settled that Mr. Jones should be sent for early in the morning, if Miss Bennet were not decidedly better. Bingley was quite uncomfortable; his sisters declared that they were miserable. They solaced their wretchedness, however, by duets after supper; while he could find no better relief to his feelings than by giving his housekeeper directions that every possible attention might be paid to the sick lady and her sister. [Illustration: M^{rs} Bennet and her two youngest girls [_Copyright 1894 by George Allen._]] CHAPTER IX. [Illustration] Elizabeth passed the chief of the night in her sister’s room, and in the morning had the pleasure of being able to send a tolerable answer to the inquiries which she very early received from Mr. Bingley by a housemaid, and some time afterwards from the two elegant ladies who waited on his sisters. In spite of this amendment, however, she requested to have a note sent to Longbourn, desiring her mother to visit Jane, and",0
"whom I really love, and still fewer of whom I think well. The more I see of the world the more am I dissatisfied with it; and every day confirms my belief of the inconsistency of all human characters, and of the little dependence that can be placed on the appearance of either merit or sense. I have met with two instances lately: one I will not mention, the other is Charlotte’s marriage. It is unaccountable! in every view it is unaccountable!” “My dear Lizzy, do not give way to such feelings as these. They will ruin your happiness. You do not make allowance enough for difference of situation and temper. Consider Mr. Collins’s respectability, and Charlotte’s prudent, steady character. Remember that she is one of a large family; that as to fortune it is a most eligible match; and be ready to believe, for everybody’s sake, that she may feel something like regard and esteem for our cousin.” “To oblige you, I would try to believe almost anything, but no one else could be benefited by such a belief as this; for were I persuaded that Charlotte had any regard for him, I should only think worse of her",0
"replied he: “they are all silly and ignorant like other girls; but Lizzy has something more of quickness than her sisters.” “Mr. Bennet, how can you abuse your own children in such a way? You take delight in vexing me. You have no compassion on my poor nerves.” “You mistake me, my dear. I have a high respect for your nerves. They are my old friends. I have heard you mention them with consideration these twenty years at least.” “Ah, you do not know what I suffer.” “But I hope you will get over it, and live to see many young men of four thousand a year come into the neighbourhood.” “It will be no use to us, if twenty such should come, since you will not visit them.” “Depend upon it, my dear, that when there are twenty, I will visit them all.” Mr. Bennet was so odd a mixture of quick parts, sarcastic humour, reserve, and caprice, that the experience of three-and-twenty years had been insufficient to make his wife understand his character. _Her_ mind was less difficult to develope. She was a woman of mean understanding, little information, and uncertain temper. When she was discontented, she fancied",0
"I believe that the electoral college should not be kept because it is an unfair system of voting. There are flaws in the electoral college system that make it an unfair system to choose our president. Some of the things that are wrong with the electoral college are that voters can't control whom their electors vote for, in case of a tie there is not a fair way to pick the president, and the winnertakeall system is unfair to voters. In the electoral college voters aren't essentially voting for a president but they are voting for a group of electors who will then elect a president. The electors can be picked in many different ways. Sometimes they are they are picked at state conventions, they can be picked at state party's central committee, or sometimes the presidential candidate picks them themselves according to Bradford Plumer source 2. Plumer says that voters can't always control who their electors vote for and sometimes voters get confused on who to vote for. The system to pick electors can be bias. For example in 1960, segregationist in the Louisiana legislature almost achieved in replacing the Democratic electors with electors who would not elect John F. Kennedy. Meaning if Kennedy would have gotten the popular vote in Louisiana, he still would not have gotten the electoral votes in the state. In the case of a tie, the electoral college would yet again be an unfair system. If there was a tie in the election, the election would be given to the House of Representatives. In that election, each state has only one vote. So a state with a bigger population has the same say than a state with a smaller population. According to Plumer, because many voters vote one party for president and another party for Congress, the House's selection will not entirely reflect the will of the people. A tie in the electoral college is possible beacause the amount of electoral votes is 538 which is an even number source 3. The electoral college is also unfair to voters because of the winnertakesall system. The winnertakesall system awards all the electors to the winning presidential candidate source 1. According to Plumer because of the winnertakesall system candidates don't spend time in states they know they have no chance of winning source 2. Counterclains suggest that because the election depends on the vote of swing states, voters there are more thoughtful and should be the ones to decide how the election goes Richard A. Posner, source 3. The comment that voters in swing states are more thoughtful is vague not all voters in swing states have to be media literic, and it is unfair to other states if only the swing states are important to the candidates. Other states will not get enough and fair information about the presidential candidates. In total, the electoral college is an unfair way to choose our presidents. The method has a lot of bias and doesn't give a fair voice to all the states and its voters. The method has a lot of flaws and is a nondemocratic way to elect our presidents.",0
"Limiting car usage has many advantages. The most important advantage is reducing pollution. Vehicles emit greenhouse gasses from their tailpipe. ""Passenger cars are responsible for 12 percent of greenhouse has emissions in Europe.... and up to 50 percent in some carintensive areas in the United States"", as said in source one, In German Suburb, Life Goes On Without Cars. One of the main reasons the pollution is so bad in Europe is because of the diesel fuels. According to Reuters, ""Diesels make up 67 percent of vehicles in France, compared to 53.3 percent average in the rest of Western Europe. Paris had 147 micrograms of particulate matter, Brussels had 114, and London had 79.7. The numbers show that there is a direct correlation between the percent of diesel used, and the amount of pollution in an area. Limiting car usage also helps cities grow. In Bogota, 118 miles of bicycle paths were constructed. Along with parks and sports centers blooming up, side walks have been replaced. Even new restraints and shopping districts have been built. And on top of all this, traffic has been majorly reduced. As said in the exerpt, Carfree day is spinning into a big hit in Bogota , ""These people are generating a revolutionary change."" Not only does reducing the amount of cars help the environment, it's better for your health. Pollution doesn't only affect the environment, it also damages the body. As the air gets polluted by greenhouse gas emissions, you breath in that air. And that contaminated air is the same contaminated air that is being cycled throughout our body. On top of that, reducing the usage of vehicles would force you to find a new way to get to your destination. You might resort to walking, jogging, bike riding, skating, or anything else you could think of. Limiting car usage would force you to exercise, which is obviously very beneficial to one's health. Another advantage of limiting vehicle usage is the money that would be saved. Limiting vehicle usage would result in not buying gas as often. And as expensive as gas can get, that would would be a lot of money saved. If you went as far as selling your vehicle, there's even more money that you would benefit from. So there are many advantages that result from limiting vehicle usage. For one, it reduces pollution, which is bad for the environment, as well as our health. Secondly, it would force us to exercise more. And lastly it would save us a lot of money.",0
"In order to inform the fellow citizens about the advantages of limiting car usage, let's first talk about how it impacts society, what will happen if society doesn't reduce the excessive amount of car usage, and what they can do to improve societies living conditions. Driving has majorly changed since back then, driving is an everyday thing for society most kids get dropped off to school by car, adults drive to work, and families go on trips by car. Driving has successfully impacted society in a positive way in this generation, but it does have some negative and unseen sides to it. Limiting access to a car can positively change the outcome of a suburb, whether it be the United States, or Canada. According Source 1, ""In this new approach, stores are placed a walk away, on a main street, rather than in malls along some distant highway."" That gives the reader an idea of how the suburb is like without the use of cars, everything is closer to your house. You can walk to the nearest bakery or grocery store, creating the central idea of the stereotypical perfect town seen in shows. In order to build that idea, cities around the world are being influenced by that concept. According to Source 3, ""uneven, pitted sidewalks have been replaced by broad, smooth sidewalks rushhour restrictions have dramatically cut traffic and new restaurants and upscale shopping districts have cropped up."" That proves the fact that if cars are used at the minimum, the city will change for the better. According to Source 2, ""The smog cleared enough Monday for the ruling French party to rescind the ban for oddnumbered plates on Tuesday."" In conclusion, with less usage of cars, the better conditions the city would have. If society doesn't start reducing the amount of car usage in their city, it will end up being a horrible decision. According to Source 2, ""after days of nearrecorded pollution, Paris enforced a partial driving ban to clear the air of global the city."" That being said, cars cause the city to endure smog, causing leaders to input a partial ban. In order to fathom the idea of how many drivers refused to follow that law Source 2 states, ""almost 4,000 drivers were fined."" That can easily manifest the idea of how society won't be able to live without their cars, which can end up being disastrous. Smog seems to be a major result of car usage in cities, but in the future, it will lead into a worse situation. In Bogota, Colombia, an event was created to ban the use of cars. According to Source 3, ""The goal is to promote alternative transportation and reduce smog."" To conclude, if cities tried to reduce car usage, it'll drastically decrease the risk of smog and greenhouse effect. Improving the living conditions of society will produce a tremendous amount of positive effects towards the city. According to Source 4, ""President Obama's ambitious goals to curb the United States' greenhouse gas emissions, unveiled last week, will get a fortuitous assist from an incipient shift in american behavior."" That being said, America is planning to attempt reducing car usages in the country. Also according to Source 4, ""recent studies suggest that Americans are buying fewer cars, driving less and getting fewer licenses as each year goes by."" That also manifests the idea that America itself, is slowly reducing it's numbers of car usage. Whether it be the expensive prices of cars or the hard driving tests, the less people who drive, the better the environment. According to Source 1, ""the swish of bicycles and the chatter of wandering children drown out the occasional distant motor."" That forms the idea that without cars driving around, children have an excuse to go walk around outside. Rather than being inside not doing anything, and taking a car ride to where they need to go Vauban's rule helps provide children with a different and active childhood. Driving is slowly causing the countries to change, children don't go out that much. Technology already limits childrens excercise and their time outside, but driving causes children to barely be outside. Also, excessive driving can cause horrible conditions towards the environment itself. Limiting car usage and how it impacts society, what will happen if society doesn't reduce the excessive amount of car usage, and what they can do to improve societies living conditions are all explained, creating the idea that the less drivers there are, the better outcome it'll be.",0
"Dear Senaitor, I feel ithait ithe elecitoral college should be be removed from ithe voiting process and replaced by ithe popular voite. The vioce of ithe people is ithe mosit imporitanit ithingin ensuring ithe presidenit elecited is itruly ithe people's presidenit. The Elecitoral college is an unfair sysitem for many voiters and keeps our naition from being ithe democraitic socieity iit was meanit ito be. Even ithose who oppose ithis view agree ithait ithe Elecitoral college is a nondemocraitic sysitem. Doesnbit ithait seem like an issue considering ithis naition was founded on Demorcraitic beliefs? I undersitand ithait some feel iit's ok if ithe ithe voiting is lefit mainly ito itoss up sitaites because ithey seem ito be ithe ithe people who are more ithoughitful abouit ithe lecition. The only reason ithis is ithe case is because ithe canidaites spend itheir whole itime in ithe swing sitaites and ithey compleitely alienaite ithe oither sitaites. In facit, in 2000, seveniteen sitaites were compleitely skipped over by canidaites. This causes people ito feel discouraged from voiting because ithey feel as if itheir voites are unimporitanit or ithait ithey don'it know enough ito casit an educaited voite. Also people like ito argue ithait ithere is no problem wiith ithe elecitors because ithey can always be itrusited. Buit ithis also is simply noit ithe case. In 1960 ithe democraitic elecitors were almosit compleitely replaced by elecitors who would voite in oppositiition of JFK. Someitimes elecitors flait ouit refuse ito voite for ithe canidaite ithey were elecited ito voite for. Cases like ithis compleitly undermine ithe very idea of ithe elecitoral college. Then in ithe case of a itie in elecitoral voites ithe elecition is puit in ithe hands of ithe House of represenaitives. Each sitaite is only given one voite, so a sitaite wiith a single represenaitive voite, such as wyoming, would have ithe same amounit of influence as a sitaite wiith 55 represenaitives such as California. Plus people don'it always voite wiith itheir parity when eleciting people for congress so how can ithey be sure ithait itheir besit initeresits will be represenited in ithe case of a itie. Some may say ithait a itie is rare and has no foundaition in ithis argumenit, buit ithey would be wrong. In 1968 ithe ouitcome was only 41,971 voites away from being a itie. In 1976 iit was 5,559 away in ohio and 3,687 away in Hawaii. Wiith ithe Elecitoral college in use, a few swing voiters could ithrow ithe whole elecition. So ito summarize, ithe Elecitoral college is basically an ouitdaited sysitem ithait may have worked when ithe counitry firsit sitarited, buit doesn'it really apply itoday. Iit's itime ito puit ithe power of ithe elecition in ithe hands of voiters direcitly and make ithe elecition a itruly democraitic sysitem.",0
"There are many fellow citizens in the world that have been using cars are having car accidents and many more terrible things that have happen during inside of a car or outside of a car. According to the passage, Almost 4,000 drivers were fined, according to Reuters. Is better to take a walk, ride a bike, and make the streets a better place. Especially, that up to 50 percent in the United States, there are carintensive areas. Car free day, was a big hit in Bogota, and should make it in the United States one day to leave the streets without traffic jams. First, fellow citizens should stop the car usage, to make the streets a better place, walk, ride a bike, or do something that would make the streets much safer. The cars usage, many people have died for these terrible accidents. Limiting car usage, is a great idea, because it supports the streets to not become very dangerous. There are many accidents that have caused of a hitandrun. So is very important that at least the car usage should stop the humanity. Next, Limiting car usage, is a great idea, because, according to the passage, up to 50 percent in the United States, there are carintensive areas. Carintensive areas, such as the traffic jam. Traffic jam, can be very dangerous at some point, and it keeps people very tired and frustrated. According to the article, In Bogota, Colombia, there's a program set to spread to other countries, millions of Colombians hiked, biked, skated, or took buses to keep the area as a carfree day, leaving the streets devoiding of traffic jams. So try to ride a bike, walk, skate, or do something, that can be a carfree day, a much safer environment. Then, Limiting car usage, is a great idea, also, because without cars, and only buses and taxis, a which the main goal is to promote alternative transportation and reduce smog, Violators have faced 25 of fines, according to the article, also. Its a really good opportunity to take away the stress and lower air pollution from cars, especially the stress from traffic jams. As what i was saying in the beggining, that many people prefer to use bike, walk, or skate to keep themselves a much safer habit. If your driving, always put on the seatbelt to prevent from car accidents. Limiting car usage is a great way to prevent from all the car accidents out there in the world. Last, Limiting car usage is a great way to the environment, makes the countries a better place. Having a carfree day, especially, is a much safer way to its environment. Ride a bike, walk, skate, or take a bus, if necessary, to prevent from all the car accidents out there in the world, it takes away the stress and decrease its air pollution from having a carfree day, and to promote from alternative transportation and reducing smog. Limiting car usage, is great way to our planet, but there is times that we need it for transporting to a place we want to go. Also, using a bike, walking, or skating is a great tool and excercise to our legs to keep our body maintained and healthy.",0
"Have you ever seen a smog cloud before? Or even been a city that has a really high level of it? It's typically caused by the vehicles, and how much that they're used in the area that you happened to be in. There are some places that have days where your not aloud to drive. There are some places that people don't even own cars, and places where people only go by bus, bike, car pooling, or train. But there is one thing we notice about all of these people, and the places that they live in when they have people consistently going by other means, and not using their car. It's been a problem that has been up in the air for the longest time, and people are starting to do something about it, and probably without even knowing it. The city of Vauban, Germany is pretty normal. it consist of normal homes, normal people, and just normal everyday life. Except for two things. ""vaughn's streets are completely ""carfree""except the main thoroughfare"" paragraph 2, Source 1. Even if you owned a car, ""there are only two places to parklarge garages at the edge of the development, where a carowner buys a space, for fortythousand dollars, along with a home"" paragraph 2, Source 1. The other crazy thing about this town is that Vauban is ""home to five thousandfive hundred residents within a rectangular square mile "" paragraph 6, Source 1. Their town is free of the green house emissions that are caused by passanger cars. It's there way of smart planning, and other cities are starting to try to find ways to become cleaner, and better at being somehow like Vauban. People here say that it reduces the stress of driving, and traffic jams, and makes life simply easier by not driving. But imagine if you were banned from driving in a place where you were used to driving everyday. Paris decided that ""after days of nearrecord pollution, they would enforce a partial driving ban to clear the air of the global city"" paragraph 10, Source 2. some 4,000 drivers were given a fine of thirtyone dollars, and there were twentyseven cars impounded due to disobeying the ban. however, after 5 days of this ban going in to effect, ""Congestion was down sixty percent in the capital of france"" paragraph 14, Source 2. The people driving isn't really the problem, it's the fact that ""France has a tax policy that favors diesel over gasoline"" paragraph 16, Source 2 and they're saying that becuase it makes up such a higher percentage of vehicles in France compared to the rest of Western Europe that it's causing their smog levels to go up higher as well. Gradually the smog lifted off of the city of paris, and they were finally able to start letting certain amounts of cars back on the road without fines. There are some places that they have days that are car free? In the LatinAmerican city of Bogota, they have a day that's carfree. ""Millions of columbians hiked, biked, skated or took buses to work"" paragraph 20, Source 3. They only face a small fine of twentyfive bucks if they decide to drive, but msot people don't have to worry if they don't have a bike or don't want to walk. Buses and taxis are still aloud on the roads. Even on the days where ""gray clouds dumped occasional rain showers on Bogota, the rain hasn't stopped people from participating"" paragraph 2223, Source 3. It's not just 5,500 people who don't do it, there are seven million people in the capital city who don't drive. It's been going on since the 1990s. The city has planned, and made efforts to have these days so that they can also take part in the reductin of the emiisions of green house gases. ""The city has seen the construction of 118 miles of bicycle paths and uneven, pitted sidewalks have been replaced by broad, smooth ones"" paragraph 2728, Source 3. Many places are trying to encorporate designs in to their cities to do these things, and to become better at traveling in means other than your personal vehicle. but even without our knowledge, people are starting to limit car usage without being told to, it's just inch by inch. People are beggingin to drive less, and ""America's love affair with its vehicles seems to be cooling"" paragraph 32, Source 4. however in the past few years, americans have bught fewer cars, and ""the number of miles driven in the United States peaked in 2005 and has dropped steadily therafter"" paragraph 32, Source 4. reseachers are intrigued that car ownership per household had gone down, three to four years before they noticed this. This pattern continuing, which they believe it will, would ""have beneficial implications for carbon emissions and the enviroment"" paragraph 34, Source 4. Other odd things have changed too. ""There has been a large drop in the percentage of sixteen to thirtynine year olds gettign a license. ""A study last year found that driving by young people decreased twentythree percent between 20012009"" paragraph 41, Source 4. Plans are being put in action to reduce the emission of greenhouse gases, and to put more ways into cities for people to travel alternatively to their normal going by car. The way that we're building cities, new suburbs, and things like that are beginning to incorporate other ideas from around the world to help not just everyone including yourself, but also the enviroment itself. Meeting new people really isn't all that bad, and traveling by bus, train, transit, taxi, car pooling, bicycling, tram, trolley, walking, skating or even the interesting inventions we see by people all the time. There are many different ways that you can avoid having to drive your own car. It isn't a hassle. It's also a stress reliever, and helps you not get worried about how your going to avoid that five o'clock rush hour traffic jam that you have to sit and yell at people in. Not only does it probably save you money not having to buy gas every couple of days, it also helps you and the enviroment. Breathing cleaner air helps you to live longer than breathing air that has all that smog, and nastiness in the air. Your city is only a step in a new direction, and it's only a matter of how you want to do it. There's optoins, like you hear in the insruance commercials, that you can take and be just fine. There's a lot of advantages to the limiting of car uses, and the carfree days. It's just on you whether or not you want to take that route, make a change in your daily habit, and find that simple way to limit your car usage.",0
"does of the matter. It appears to me so very unlikely that any young man should form such a design against a girl who is by no means unprotected or friendless, and who was actually staying in his Colonel’s family, that I am strongly inclined to hope the best. Could he expect that her friends would not step forward? Could he expect to be noticed again by the regiment, after such an affront to Colonel Forster? His temptation is not adequate to the risk.” “Do you really think so?” cried Elizabeth, brightening up for a moment. “Upon my word,” said Mrs. Gardiner, “I begin to be of your uncle’s opinion. It is really too great a violation of decency, honour, and interest, for him to be guilty of it. I cannot think so very ill of Wickham. Can you, yourself, Lizzie, so wholly give him up, as to believe him capable of it?” “Not perhaps of neglecting his own interest. But of every other neglect I can believe him capable. If, indeed, it should be so! But I dare not hope it. Why should they not go on to Scotland, if that had been the case?” “In the first place,”",0
"Dear Marco rubin and etc., I think that we should not keep the Electoral College and change to election by popular vote for the sake of the people. With the Electoral College, your voice isn't really heard. Votes should be counted individually and America will get the president that they really want. For starters, there was a situation back in 2000 where Al Gore won the popular vote but didn't become president. That my friend, is unfair. The Electoral College doesn't really prove who actually won. Although, the incident happens back in 1880, I don't think it should happen again. Most of America wouldn't really think of the president as the president. I must admit, the Electoral College is a quick way to send in the votes on election day but it isn't efficient. Like stated in paragraph 10, voters don't vote for the president, but for the state of electors. The electors are basically anyone who isn't holding office. State conventions, state party's central and presidential candidates can pick the electors. Votes can't always control whom their electors vote for which why you should get rid of the Electoral College. Plus it's a dumb name. Another reason why is because the people of this country will be pissed if another Gore as Bush situation happens again. Electors are really in control, therefor if they dislike who's running against their political party they have a shot at voting for whomever they want. That's unjust, and frankly unfair. Especially if a huge state is at risk. One counterclaim might be that the Electoral College avoids the problem of elections in which no candidate receives the majority of votes cast. I don't want to vote and wonder if my voice will be heard. I want it to be guaranteed because that's what the United States is all about. It's all about us being able to choose the president. The Electoral College is unjust and is a waste of time. If you guys decide decide on letting us elect the president by popular vote, more young adults will start voting and we'll know out voices are heard.",0
"Cars, though useful, have negative impacts on the world. These effects can be seen from high density urban areas, and around the globe with global warming. Smog, greenhouse gasses, and stress are some of the main outputs from cars they are a useful but dangerous tool. Smog in urban areas are a global concern, causing many cities to try to reduce the smog by putting restrictions on cars. It may be the ban of plates with even or odd numbers on certin days, or the ban of cars all together. The effect is staggering cities are becoming more and more clean. Even America, the world leader in automobiles, is showing some want to reduce car transitions in their cities. In some cities smog is a crippling thing. ""the smog rivaled Beijing, China, which is known as one of the most polluted cities in the world."" in Paris this was the case, and after banning cars on certin days, the smog began to clear up. Greenhouse gasses are causing temperatures to become more extreme. reducing cars can help save dying ecosystems or dwindling numbers of certin animals. Car free days in places like Bogota help reduce greenhouse gas, and it shows. people are driving less and less so ""many sociologist believe... people driving less will have a beneficial implications for carbon emissions and the environment"" Stress caused by cars is just as big as a problem as smog and pollution. People who switch to cities that are designed to not use cars say that they have reduced stress compared to when they had cars. ""When I had a car I was always tense, I'm much happier this way."" says a member of Vauban, a city desined with no cars in mind. With all of this information wse might be able to help fix the world, by reducing the cause of the problem. Smog stress and Greenhouse gasses are on the decline thanks to less and less people driving.",0
"Dear state senator, We should not decide the president by electoral college. Mainly because it's unfair to the voters who took the time out of their day to vote, but then realized they wasted their time because their vote doesn't mean anything, the electors decide who the president is not the voters. The article the Indefensible Electoral college: Why even the best laid defenses of the system are wrong states ""Under the electoral college system, voters vote for not the president, but for a slate of electors, who in turn elect the president."" What's the point of voting if our vote basically doesn't matter because we are not the one choosing who is president. The same article also states ""Can voters control whom their electors vote for? Not always"" We the voters basically don't even decide who's president, the electors do, and we don't even get to pick who the electors are, the state legislatures do. Why is the president based off of who the electors want? there's only 538 of them, it should be based off popularity, the vote of the millions of the people who have voted. Honestly i see no point in voting now since our votes don't decide who the president will be. Electoral college is unfair to the small states. The article five reasons to keep our despised method of choosing the president' shows a map of America with the number of electoral votes given to each state. If you look at the map, you'll notice that the bigger states have more electoral votes, and the small states have very few. For example California has 55 electoral votes, Texas has 38, and Florida has 29. But states such as Alaska, Hawaii, and Maine have less than 5 electoral votes. Which basically means that their electoral votes don't count nearly as much as the big states do. If we decided the president by popularity among everyone who voted, it would actually be fair to everyone, and more people would vote. The article five reasons to keep our despised method of choosing the president' states ""Over 60 percent of voters would prefer a direct election to the kind we have now"" I don't blame them when the artcile also states ""This year voters can expect another close election in which the popular vote winner could again lose presidency."" Then what's the point of voting when our vote doesn't matter.",0
"Elizabeth said no more; but her mind could not acquiesce. The possibility of meeting Mr. Darcy, while viewing the place, instantly occurred. It would be dreadful! She blushed at the very idea; and thought it would be better to speak openly to her aunt, than to run such a risk. But against this there were objections; and she finally resolved that it could be the last resource, if her private inquiries as to the absence of the family were unfavourably answered. Accordingly, when she retired at night, she asked the chambermaid whether Pemberley were not a very fine place, what was the name of its proprietor, and, with no little alarm, whether the family were down for the summer? A most welcome negative followed the last question; and her alarms being now removed, she was at leisure to feel a great deal of curiosity to see the house herself; and when the subject was revived the next morning, and she was again applied to, could readily answer, and with a proper air of indifference, that she had not really any dislike to the scheme. To Pemberley, therefore, they were to go. [Illustration: “Conjecturing as to the date” ] CHAPTER XLIII.",0
"her wishes did not err. But when she read and re-read, with the closest attention, the particulars immediately following of Wickham’s resigning all pretensions to the living, of his receiving in lieu so considerable a sum as three thousand pounds, again was she forced to hesitate. She put down the letter, weighed every circumstance with what she meant to be impartiality--deliberated on the probability of each statement--but with little success. On both sides it was only assertion. Again she read on. But every line proved more clearly that the affair, which she had believed it impossible that any contrivance could so represent as to render Mr. Darcy’s conduct in it less than infamous, was capable of a turn which must make him entirely blameless throughout the whole. The extravagance and general profligacy which he scrupled not to lay to Mr. Wickham’s charge exceedingly shocked her; the more so, as she could bring no proof of its injustice. She had never heard of him before his entrance into the ----shire militia, in which he had engaged at the persuasion of the young man, who, on meeting him accidentally in town, had there renewed a slight acquaintance. Of his former way of",0
"Throughout time, pollution has been known to be a huge environmental problem. The excessive amount of individual car owners driving down streets is in no way helping this issue. Efforts to diminish the number of cars we see on our roads have been taking place in order to help the environment and therefore citizens as well. It is no news that passenger cars are harmful to the environment. They release gases that pollute the air we breathe affecting not only us but the environment as a whole. Passenger cars are responsible for 12 percent of green house gas emissions in Europe and up to 50 percent in some areas in the United States Source 1. This realization has led to the promotion of ""carreduced"" communities by the U.S Environmental Protection Agency Source 1. But the problem is more widespread than that. Paris has acknowledged the importance of this issue after witnessing smog that rivaled Beijing, China, known as one of the most polluted cities in the world Source 2. Paris's solution was to enforce a driving ban in order to help clear its air. Due to this ban, congestion was down 60 percent shortly after the intensifying smog Source 2. It is a known fact that transportation is America's second largest source of emissions, therefore, limiting passenger car usage can greatly benefit the environment as well as citizens everyday lives. Limiting car usage has not only proven to be helpful towards the environment but towards citizens as well. With a decrease in car usage comes new benefits not just to individual citizens but to communities. Less cars means less time in irritating traffic. Usually, car traffic and traffic jams leads to huge amounts of stress. This is because the idea of not getting to work is stressful not getting to work means losing money. Losing money adds even more stress. But when limiting car usage, losing money is not an issue one has to think about. Carlos Arturo Plaza agrees by stating that ""It's a good opportunity to take away stress..."" Source 3. Rushhour restrictions and other efforts towards limiting car usage have cut traffic making it easier for citizens to get to their jobs Source 4. Those who choose other forms of transportation that are less harmful to the environment have even less of a problem and appear to be much happier. Heldrun Walter states that when she had a car she was always tense but now she is much happier Source 1. The evidence has proven that limiting car usage is beneficial to not only the environment but to citizens daily life as well. Keeping a clean environment is something of major importance. If one does not take care of the environment there will seize to be a healthy environment in which to live in. Limiting car usage is a big step when it comes to keeping the environment free of pollution. Not only is it beneficial to the environment but it helps citizens live a much happier life lessening the causes of stress. Limiting car usage helps the air needed to breathe, the money coming into your pockets, and one's overall happiness.",0
"Dear senator, Retain the Electoral College. The Electoral College consists of 538 electors and a majority of 270 electors is is required to elect the President. Each state has hisher own electors which are chosen by the candidate political party. You should keep the Electoral College because you have certainty of outcome, and the President is everyones not just yours. The first reason why you should stay with the Electoral College is because you are certain that the outcome will be in favor of one of the candidates. A tie in the nationwide electoral vote may happen but it is very unlikely that it will even though that 538number of electors in the Electoral College is a even numberS.3.For example in 2012's election, Obama received 61.7 percent of the electoral votes compared to 51.3 percent of the popular cast for him and rodney because all states award electoral votes on a winnertakeall basis even a slight plurality in a state creates a landslide electoralvote victory in that stateS.3. However,because of the winnertakeall system in each state,candidates dont spend time in staes they know they have no chance of winning, they only focus on the close,tight races in the ""swing""statesS.2. But, the winning candidates share of the Electoral College invariably exceeds his share of the popular vote. The second reason you should keep the Electoral College is because the president is everyone's. The Electoral College requires a presidential candidate to have transregional appeal. No region has enough electoral votes to elect a president by themselves. So for example,a solid regional favorite,such as rodney was in the South,has no incentive to campaign heavily in those states for he gains no electoral votes by increasing his plurality in states he knows for sure that he will winS.3.A president with only his regional apppeal is very unlikely to be a successful president. The residents of the other regions may feel like there votes dont count or that he really isnt there president. In conclusion, you should stay with the Electoral College simply because you most likely not going to have a tie and because the president is everyone's.",0
"Many people in today's world depend on cars to get them places. They don't realize the effects cars have on our environment and how much better things would be if we limited car usage. There is many other ways of transportation that are much easier and better for our world. I believe car usage should be limited because it will cause less pollution, it will take away stress, and it will save people money. When cars are used, they release chemicals into the air which causes pollution. Pollution is not good for our air and wears down our atmosphere. Global warming has always been a serious matter with the amount of people who drive cars so if we cut back on the car usage, it would decrease the amount of pollution going into the air. In Source 2 it shows an example of how Paris had intensifying smog because of these cars. They banned cars for a couple days and the smog level dropped. Also in source 2 it says "" Congestion was down 60 percent in the capital of france"". When cutting down on car usage, it helps many things and can help you stay healthy and feeling good. Another major reason we should cut down on car usage is that it will take away a lot of stress us humans have. In source 3, businessman Carlos Arturo Plaza said "" It's a good opportunity to take away stress and lower air pollution."" Imagine your driving down the road and some guy pulls in front of you without a blinker and you almost hit him, you get all mad and stressed out that you almost hit him. Road rage is very common in drivers and we could decrease that stress with limiting car usage. Also if you were to get into a car accident, that gives you so much stress which affects your everyday life. To buy a car, you need lots of money. You need to buy the car, then buy insurance etc. Why don't just save your money instead of buying a new car when you could just use some other form of transportation. In source 4 it states, "".. Cash strapped Americans could not afford new cars, and the unemployed weren't going to work anyways."" This shows that many people don't have the money to buy a car, why spend you money on a car that is not needed instead of buying something else. Cars are not mandatory, you can get to places many other ways and could save lots of money. Also you could save money on gas if you didn't have a car. In conclusion, limiting car usage will only result for the better. There is plenty of other ways of transportation that aren't as harming and expensive as cars are.",0
"most ill-judged thing in the world! How strange must it appear to him! In what a disgraceful light might it not strike so vain a man! It might seem as if she had purposely thrown herself in his way again! Oh! why did she come? or, why did he thus come a day before he was expected? Had they been only ten minutes sooner, they should have been beyond the reach of his discrimination; for it was plain that he was that moment arrived, that moment alighted from his horse or his carriage. She blushed again and again over the perverseness of the meeting. And his behaviour, so strikingly altered,--what could it mean? That he should even speak to her was amazing!--but to speak with such civility, to inquire after her family! Never in her life had she seen his manners so little dignified, never had he spoken with such gentleness as on this unexpected meeting. What a contrast did it offer to his last address in Rosings Park, when he put his letter into her hand! She knew not what to think, or how to account for it. They had now entered a beautiful walk by the side of",0
"in re-perusing Jane’s last letter, and dwelling on some passages which proved that Jane had not written in spirits, when, instead of being again surprised by Mr. Darcy, she saw, on looking up, that Colonel Fitzwilliam was meeting her. Putting away the letter immediately, and forcing a smile, she said,-- “I did not know before that you ever walked this way.” “I have been making the tour of the park,” he replied, “as I generally do every year, and intended to close it with a call at the Parsonage. Are you going much farther?” “No, I should have turned in a moment.” And accordingly she did turn, and they walked towards the Parsonage together. “Do you certainly leave Kent on Saturday?” said she. “Yes--if Darcy does not put it off again. But I am at his disposal. He arranges the business just as he pleases.” “And if not able to please himself in the arrangement, he has at least great pleasure in the power of choice. I do not know anybody who seems more to enjoy the power of doing what he likes than Mr. Darcy.” “He likes to have his own way very well,” replied Colonel Fitzwilliam. “But so",0
"I think people should stop relying on their cars so much for three reasons. I hope this can change peoples minds about using the vehicles for everything. Even going to the corner of their block just for a bite they use their cars. The opening reason why I think people should really limit their car usage is that it causes less pollution in the atmosphere. If drives don't give a limit to their uses of their cars we might end up having global warming. That's not gonna be great. For example before when cars were rarely seen we had no global warming problem, but now that cars are seen all over the places, global warming is near of arrival. The following reason why I think people should put a limit to their car usage is that it would benefit everyone because there will be less traffic. Having no traffic at all is a common dream for many drivers that drive to work using the expressway every morning. unfortunately people have to be stuck in traffic everyday because they don't want to let go of their cars. They should experiment other ways to get to work or to even the corner of their block. They should try bike riding to their destations. That's double the benefit. They get to exercise their bodies and not damage the environment with deadly gases that can cause global warming. In the second source by Robert Duffer he states that ""congestion was down 60 percent in the capital of France"". My next reason why I think drivers should limit their car uses is because they are basically killing themselves with fatal accidents almost everyday. There's a lot of causes for fatal accidents, one of them is texting and driving. That's the main cause of fatal car accidents. Drunk driving is at close second. None the less, if people would just pay attention while they are driving there would be less car accidents, or even better they stop using their cars as often to avoid car accidents. Even when knowone is distracted while driving there are still a few car accidents. Most of the time that's just a regular accident with knowone losing their lives, but it happens many tims because the streets are so compacted with drivers eager to move. That's why I think people should stop relying on their cars so heavily. To decrease the death rate to a normal level. In conclusion, all these three reasons why I think people should limit the usage of their vehicles are the reasons why the world isn't at it's normal levels of natural events in traffic. If citizens would rely less on their vehicles, we would see a change in the air we breathe and less chances of having global warming, less traffic in city streets, and less fatal car accidents with less people being killed.",0
"Dear senator, We should change the electoral college to an election by popular votes for the president of the united states. I believe that everyone should have a say in who their future president should be not just a group of selected officials. Sure some of the peoples choices may end up bias or thoughtless but atleast they get to feel as if their a part of the state. like stated in ""what's wrong with the electoral college"" sentence 11 ""Those electors could always defy the will of the people."" meaning that sometimes the chosen electors neglect their positions and use it the wrong way. The selected electors may end up going against the people andor choose a bias decision. No matter how you look at it their still human and they will make mistakes. Electoral college shouldn't only allow government official or ""qualified"" citizens to bare that huge responsibility because if they make one wrong move then everyone will blame them but if we have popular vote everyone will have a say in the presidential voting. If we have electoral votes your only giving specific people power while as the other citizens sit down to watch complete stranges balance their countries future in their hands. like stated in ""what's wrong with electoral college"" sentence 13 ""At the most basic level ,the electoral college is unfair to voters"" meaning that electoral votes is unjustified to the people. Electoral votes should be abolished because it isn't justified for all of those hardworking citizens who always pay their respects to this country. It even states in ""what's wrong with electoral college"" sentence 14 "" It's official : The electoral college is unfair ,outdated, and irrational."" meaning that the electoral college has been here long enough, it's not justified ,and it's irrational. Something like that should no longer exist. The citizens should have a say in who will become their new president. They should have a majority vote. Like stated in ""choosing the president"" sentence 15 ""the electoral college is widely regarded as an anachronism""meaning that the electoral college is really old and we no longer have any need for it. The electoral college is something that was meant for the past. There may have been some sort of issue that they could not properly deal with ,so they created the electoral college in order to deal with it. But now we have more advance ways of doing stuff so we don't need electoral college any more. We can now change our ways for voting so that it'll match our time and period. Electoral votes is filled with holesbias. So we should find a new way of chosing our new president who is willing to change our couontry for the best and not corrupt our country.",0
"America's great past time might now be just that, in the past. This isn't baseball though, it's the usage of our American vehicles. America was the frontrunner in the invention of cars and has the motor capital of the world in Detroit. However, We've come a long way since the model T and now it is time to move forward into a new, cleaner era of transportation. Cities all across the world have begun the process of minimizing the usage of private motor vehicles to help stop pollution, and to encourage the use of public transportation. The trend is already upon us in America as well, as a study showed that between 2001 and 2009 the amount of young people driving has decreased by 23 percent. Life without cars has proven beneficial to many cities around the world and it is time to spread to all cities. First off, limiting the usage of cars will vastly decrease the amount of pollution to our environment. Recently in Paris, France the government banned all drivers with odd license plates on the first day and all even number plates the second during a two day effort to minimize the smog and pollution of the city. This method proved to be very effective the capital decreased its congestion by 60 percent. This little experiment may seem like a very small accomplishment, but it should serve to be the precedent by which other countries can help stop pollution. If this was done once very month in major cities around the world it would cause a major decrease in pollution. In the long term it shows people that having their own car isn't always necessary and it is better for the environment to use public transportation, and or other means to get to one's destination. Bogota, Colombia also participated in their second annual carfree day. This was considered to be a huge success by their mayor and many other South American leaders came to witness it themselves. They were all thoroughly impressed by the programs effectiveness and have thought about implementing it in their own countries. Secondly, limiting car usage will result in different city layouts that could prove to be more desirable and efficient. In Vauban, Germany they have decided to go nearly car free with 70 percent of residents not owning a car. Car ownership is allowed but the owner of the vehicle must buy a space in a large parking garage for 40,000 dollars. Many of the residents claim that they lived a more stressful life when they owned a car and are now much happier because of the sale of their vehicle. This has started a trend in Europe of small suburban communities going car free to help the environment and their lives. This shift into a car free world is sparking the idea for new city designs to make them denser so mit is easier for people to travel from place to place. Stores can be placed only a walk away on a main street as opposed to a large shopping mall that is along a large highway. In conclusion, limiting the use of cars and motor vehicles would prove to be extremely benficial for our world and our society. It would help solve the pollution and global warming crisis by limiting the amounts of carbon dioxide we put into our atmosphere. It would also change the shape of our suburban life, making it easier for people to get from place to place while still maintaining their green lifestyle. An Earth without cars becomes an Earth with a more peaceful environment and a healthy atmosphere.",0
"Cars have become apart of the everyday life of the average person. It's a mode of transportation that everyone uses in every second of their life though it is faster then walking itself, cars are not always helpful to us. Sources indicate that, by limiting car usage it is possible to relieve stress and reduce pollution. Limiting the use of cars can bring less stress to the everyday driver. When in a car, it is easy to see when the driver is stressed out. Stress accumulates with traffic jams or when someone is becoming infuriated by another driver, who is driving right in front of the other driver and going really slow. There are people who have seen there stress levels drop when they are not in or don't own a car. For instance, a community in Vauban, Germany, at least 70 percent of their residents don't own a car, while 57 percent sold their car to move there. A woman, Heidrun Walter, who is a resident there stated, ""When I had a car I was always tense. I'm much happier this way""Source 1. This verifies how people can get away from stress by just not having a car. In Bogota, Colombia, there is a day when automobiles are banned for a day, with the exemption of buses and taxis. This day has become very popular, and is a ""good opportunity to take away stress""Source 3, as said by Carlos Arturo Plaza, a business man who rode a twoseat bicycle with his wife on that day. On this day millions Colombians hiked, biked, skated or took buses to work, leaving the streets free of any traffic jam, when a driver gets stressed out he most, as stated in source 3. This shows the number of people who participated in this event and also shows their, less stressful, alternative modes of transportation. Along with relieving stress, pollution will become less of a problem. Cars are beneficial when it comes transportation, but they can cause harm to the environment as well. Pollution is a major problem in the today's world, and with the number of cars that are in use everyday it will only become worse. Smog or any other type of pollution can cause a city or even a country to take action. Such a Paris, Fance, who put a ban on driving to reduce pollution in their city, which rivaled Beijing, China, known as the one the most polluted cities in the world, as said in source 2. This strenghens the problems that cars pose on the world, these problems can lead to delivery companies losing money because the ban was put up and won't be lifted until the smog is gone. In addition, more information about car pollution can be found in source 1. There it talks about how cars are the ""linchpin"" of suburbs, and how they're ""a huge impediment to current efforts to drasticallly reduce greenhouse gas emissions."" In some places this is slowly resolving itself places such as the United States have seen a drop in miles driven per person since it's peak in 2009. Sociologists believe that, ""it will have beneficial implications carbon emissions and the environment""Source 4. This indicates that, while it is a major issue it is not impossible to solve it. Cars are an easy and fast form of transportation, but they can also cause harm to people and the environment. No matter how beneficial cars are to us, wouldn't it be better to limit the use of them? This way if cars usage is limited, then the less problems we face.",0
"Citizens of the U.S. have been voting for their presidents ever since George Washington was elected. They vote because they want their voices and opinions to be heard. So they can provide ways to make their lives better. But the truth of the matter is, we don't make the decisions. The Electoral College does. They should change the election to go by popular vote of the United States. Reason being is because what's the point of voting if they won't listen and they only hand pick a few people out of the millions of others. But keeping the College would make it easier to have votes counted. Initially, the point of voting is to be heard and to have things your way for once, but if it's falling on deaf ears, then why bother? For example, in the Indefensible Electoral college writer Bradford Plumer states that, ""Under the electoral college system, voters vote not for the president, but for a state of electors, who in turn elect the president."" Okay lets say someone wanted to vote for the Republican, and they vote for one of the electors who pledge themselves to the Republican. We can't rely on a person's word. What if they change their mind and vote for the other? How can natural citizens know to put their faith into a random stanger. Clearly, the voter does not get a say in the matter. Furthermore, the millions of people who vote are reduced to a small amount of people. ""The Electoral College consists of five hundred thirty eight electors,"" and ""Two hundred seventy is needed to decide who's president."" The Office of the Federal Register. So states like New York and Nebraska only have three to six people voting since they are small. While on the other hand, California, Texas, and Florida have about thirty to sixty. And with the civilians living there, it's still not enough. Honestly, it wouldn't even matter if they voted. On the other hand, the smaller amount of people, the quicker the U.S can get a president. In paragraph 4 of in defense of the electoral college' it's replied that, ""A tie is possible... but it is highly unlikely."" The presidential vote in 2012 may have not been a landslide ,but at least it wasn't a tie. The small amount made it a lot easier to count the votes. And the majority of voters still got who they wanted ,so it wasn't all terrible. The electoral college hasn't all been bad. The Electoral College has more cons than it has pros. A citizen's voice must be heard and that won't happen if only few people are heard. But votes can be counted faster if there's only a tiny amount.",0
"Limiting car usage is a good idea. Limiting cars usage it a wonderful idea for many reasons. most people have the ability to live there life without cars, this would help cut back on pollution, and for most people it would be cheaper. Although some people may see this as a impossible way of living some of us do not. To begin, people can live without cars people have done it before us and eventually people will do it after us. As shown in source 1 these people in Vauban, Germany have given up a life of cars for a simpler much quiter life in the suburbs. Life in this city has been condensed down into a one square mile area where people are able to go on with there everyday lives without having to get into a car to go somewhere. Life in this city is does not go completely without cars if these people need to leave the city they can simply walk to their very own parking space in the parking garage right on the outskirts of the city. these people have the ability to keep there cars but they have to buy a parking space when they buy there house you also generally wouldnt need your car unless you were going on a long drive that required you to leave the city. There is also the fact that there will be a day soon when we run out of fossil fuels and what is a fossil fuel? gas. there will soon enough be a day where we dont have any gas and we will not be able to drive cars everywhere that we want. Next, this would be one of the most effective ways to cut back on pollution. as shown in the 2nd source paris was struggling with a very bad pollution problem that they needed to deal with. Paris was having the same sort of problem that beijing, china is having and beijing is the most poluted city in the world. so they banned all the cars that ended in a even number on monday and a odd number on tuesday. Just doing this for one day cut the amount of pollution in half. Imagine our worldwide pollution levels if driving was limited. The second largest form of pollution is cars so limiting driving could even drop cars a few ranks back. Every part of getting to fossil fuels that fuel our cars is more and more pollution. gas is a very large pollutants and it causes lot of problems for our nation and one day there will be no more gas. Furthermore, limiting driving would almost be cheaper for the people as talked about in source 4 less and less people have been getting there licenses and driving cars because it isnt needed as much anymore. there are more ways of public transit that people are taking advantage of such as the mans son who takes the Bay Area Rapid Transit instead of driving his car. some might say that taking these other forms of transportation might take longer and yes they might be right but they are also much cheeper instead of having to pay a large amount of money to first, buy a car and then, buy gas. which the gas prices only seem to be going up lately. They have the ability to buy cheep tickets for the ride on the train or maybe a bus. As i spoke about earlier we will one day run out of fossil fuels. Gas is a fossil fuel and leading up to the time where we wont have gas anymore the gas will just keep getting more and more expensive because the less gas we have in our community the more that it will cost. also the more that people will want it one day most of us will not have the money to drive cars not because of the cost of the car but because of the cost of the gas. Coming to a end, there are many other ways to travel other than buy a vehichle and some may be easier for you cheeper for you or better for the environment so why keep on hurting the environment when you could simply make the world a better place by just not driving a car. there are many reasons to limit driving but we could easily do it because people can live without cars, it would help the environment and cut back on pollution, it would also be much cheeper.",0
"were over, she returned to Charlotte Lucas, and was in conversation with her, when she found herself suddenly addressed by Mr. Darcy, who took her so much by surprise in his application for her hand, that, without knowing what she did, she accepted him. He walked away again immediately, and she was left to fret over her own want of presence of mind: Charlotte tried to console her. “I dare say you will find him very agreeable.” “Heaven forbid! _That_ would be the greatest misfortune of all! To find a man agreeable whom one is determined to hate! Do not wish me such an evil.” When the dancing recommenced, however, and Darcy approached to claim her hand, Charlotte could not help cautioning her, in a whisper, not to be a simpleton, and allow her fancy for Wickham to make her appear unpleasant in the eyes of a man often times his consequence. Elizabeth made no answer, and took her place in the set, amazed at the dignity to which she was arrived in being allowed to stand opposite to Mr. Darcy, and reading in her neighbours’ looks their equal amazement in beholding it. They stood for some time without speaking",0
"Some people may view car limitations as bad or inconvenient, but that isn't true. There are plenty or ways to get to where you want to go other than driving. More people have been cutting down on their car usage and it helps with many things. There are lots of advantages to communities and cities when car usage is limited. Pollution is a major problem in big cities like Bejing, China known as one of the most polluted cities in the world. Cutting down car usage in big cities like this can help get rid of the horrendous smog. Paris, which often has more smog than other European capitals, has made some significant changes to help reduce the smog and harmful greenhouse gasses that are trapped in the air from car emissions. They let cars with even numbered license plates drive on some days and cars with odd numbered license plates drive on others. This reduced the smog in Paris within a few days. Most people depend quite a bit on their cars. Reducing car usage can help people not to be so dependent on their cars. Instead of driving to work people can ride the bus, take the subway, etc. This will help a lot with the congestion of the roads during rush hours. There will be a lot less traffic if people are carpooling or taking some other mode of transportation, keeping roadways clearer for emergency vehicles and public transportation. There also won't be the problem of people being late if they get stuck in traffic or their car breaks down. The number of miles people in America drive has gone down significantly since 2005. This means that people are finding better, more efficient ways of getting to where they need to be. This will help everyone in the long run. There will be less money spent on cars, car repairs, and gasoline saving everyone a lot of money. Cars can be very expensive to maintain, especially when no one knows if their car battery is going to die or if they will get a flat tire. Having another source of transportation would save people lots of time and money. If there is less need for cars, then more public transportation will be offered, even in places less populated like the suburbs. Limiting car usage is helpful for everyone and eventually it will become even more efficient and convenient not to drive a car everywhere. Pollution will go down and money will be saved. There are already entire communities like the one in Vauban, Germany that don't rely on cars. If there were more communities like this around the world, they would help lead the way to a new age where cars aren't as important and people won't have to depend on them as much as they do now.",0
"There's a new trend that has been developing for years now, and soon will be in full throttle affect. The mass amount of pollution being produced worldwide over the years has been at terrifying levels, up until the last five to ten years. Although not the first cause of the pollution, gases emitted from transportation is the second largest contributed to this ""green house gas"" issue going on, according to source 4. An idea to hinder this growing issue and potentially put the pollution levels at a decline is the effort to limit personal car usage. By doing this, we inhabitants of the world are able to help clear the air, reduce congestion on the streets, and live a simpler, more cost efficient lifestyle. Polution, as we know, is an ongoing trend that is proving lethal to our environment. Factories and power plants are the number one cause of pollution in the world. This is almost inevitable, since we have yet to develop a way to produce in mass amounts in a clean way. However, what we can have a part in is limiting the personal car usage to promote cleaner air. Public transportation, carpooling, and hybridelectric cars have been seen as the alternative to owning personal cars. Those options are also seen as the solution, considering their contribution to the act since ""the number of miles driven per person was nearly 9 percent below the peak of 2005"" source 4. Reducing the amout of miles driven links to the amout of dangerous gases emitted into the air, therefor ""having cleaner air."" Rush hour traffic is obnoxious and is the least fun part of driving. Encouraging people to drive less and either walk, bike, or use public transportation will help end the long waits sitting bumpertobumper on the roads. In France, a study was done where fines were placed on people who drove by themselves or with only one passenger excluding hybrids and ""plug in"" cars. According to the source, ""congestion was down 60 percent."" Just a week of not driving with personal gasoline or diesel cars proved to be extremely beneficial in clearing out the streets, making for easier courses to work. The concept is truly simple. We use less cars, there's less people on the street, and you can get to and fro much faster and without hassle. Reducing the number of cars on the street is also a goodway to inspire motor companies to be inventive. Losing business will ultimately result in extermination of the business, unless the corporation is able to come up with new products to satisfy the consumer. Mitsubishi is a automotive company that also makes air conditioners. According to source 4, Ford and Mercedes are ""rebranding"" themselves to comply with the new trend. Almost everyone wants to live a clean, healthy and simple lifestyle and participation in limiting the number of cars driven daily is a very easy way to do so. Heidrun Walter, a media trainer and mother of two, said,""When I had a car I was always tense. I'm much happier this way"" source 1. This refers to the successful suburban trial in Vauban, Germany to no longer own cars. Parking on the street, personal garages, and driveways in general are seen as taboo in the living district near France and Switzerland's border source 1. Very few people own cars, let alone drive them. Not only does lowering the usage of cars help the environment and make the journey to wherever you're going much less complicated, it also initiates the restoration of things considered not as important such as sidewalks, parks, and public transport systems. The more people using the utilities, the more cities will fund them and make the experience more enjoyable. In Bogata, the ""day without cars"" campaign has led to 118 miles of bycle paths being constructed source 3. The chain of events will lead to more and more people utilizing their bikes and feet to get around, instead of cars. Driving used to be considered the most popular way to get around town from point A to point B and back. But now, with a push to limit personal car usage, a positive switch is happening to where more and more people are no longer relying on their vehicles to move aboutinstead bikes, subways and buses, and even just our own two feet are our means of transportation. This ""smart planning"" reduces green house gases along with traffic congestion, and also promotes a simpler, healthier lifestyle.",0
"seasonable relief to them all, and especially to her friend. The morrow produced no abatement of Mrs. Bennet’s ill humour or ill health. Mr. Collins was also in the same state of angry pride. Elizabeth had hoped that his resentment might shorten his visit, but his plan did not appear in the least affected by it. He was always to have gone on Saturday, and to Saturday he still meant to stay. After breakfast, the girls walked to Meryton, to inquire if Mr. Wickham were returned, and to lament over his absence from the Netherfield ball. He joined them on their entering the town, and attended them to their aunt’s, where his regret and vexation and the concern of everybody were well talked over. To Elizabeth, however, he voluntarily acknowledged that the necessity of his absence _had_ been self-imposed. “I found,” said he, “as the time drew near, that I had better not meet Mr. Darcy;--that to be in the same room, the same party with him for so many hours together, might be more than I could bear, and that scenes might arise unpleasant to more than myself.” She highly approved his forbearance; and they had leisure for a",0
"All around the world, cars have influence our lives for the good or for the bad. Whether that is getting people to their jobs or getting into an accident. Cars have altered our lives and are doing it constantly. Although for a century cars have benefited humans greatly, cars have negative effects and banning cars can help decrease the pollution all over the world, it saves the little resoucers the planet has, and car accidents will occur less. To elaborate more, countries all over the world are trying new ways to decrease the air pollution as much as possible, whether that is banning cars or restricting them. In Vauban, German cars are restricted and if you have a car it is very expensive to use. In Vauban, 70 percent of families do not have cars, and inorder to move in to the town 57 percent sold their cars. The idea of restricted areas are getting big ,and for Vuaban has 5,500 residents, that shows that people like the idea and will support it. People in the town have claim to enjoy it alot and are happier. In Paris, France their idea to help low the pollution in the air was to have specific licenses plats restricted on certain days of the week. France had very bad smog and within 5 days the smog decrease 60 percent. In Bogota, Columbia they had similar goals as other countries like Germany. Carlos Arturo Plaza said,""It's a good opportunity to take away stress and lower air pollution."" In Europe cars make up 12 percent of the greenhouse gas and air pollution. In the United States Americans are driving less and the pollution in the air is decreasing, benefiting the environment. Throughout the world, countries are tring to help the world, by decreasing the pollution. Moreover, throughout the century cars have been using non renewable resoucers and now that alot of the people have cars, it has taken a toll on the environment. The world has only so much resoucers and once its gone it is gone, it takes time for them to come back and it willl not be in our life time. Using these resoucers have a negative effect they emit carbon in to the atmosphere creating greenhouse gas, that is bad. saving the resoucers and not using them can help with keeping the atmopshere cleaner. Now people are banning and restricting cars for various reasons, but one reason is that for the past century cars have killed alot of people. It is one of the top reasons for deaths in the United States and possibly in the world. If banning cars can save thousands of lifes why not do it. Banning cars or restricting cars means less cars which can result to less car accidents. Having less accidents results to less people getting hurt and potenially dying. Less cars can also mean that the goverment does have to focuse on roads and stuff like that ,but can focuse on improving the safty of the people on the sidewalks or at playgrounds. the funds can go to better causes. The world we live has changed enormously and now inorder to save the plant and the people in it, we must make changes as a society, inorder to live long and healthy. Banning cars might be one of the many choices we must make inorder to live. Banning cars can help decrease the greenhouse gases, conserve the resoucers, and less people will die from car accidents. Who knows cars may be a thing in the past int he next decade or two.",0
"We should keep the Electoral College for a number of reasons. While it is usually thought of as ""out of place"", it is the fairest method in voting for our President. The Electoral College, first of all, the outcome of the Electoral vote is less likely to cause a dispute than the popular vote. Second, avoids the problem of RunOff Elections. Last, the Electoral College helps balance the political weight for large states by population. We need the Electoral College so not create any problems. The outcome of the Electoral College vote is less likely to cause a dispute than the popular vote. The number of electoral votes a candidate gets usually exceeds his popular vote. For example, ""Obama received 61.7 percent of the electoral vote compared to only 51.3 percent on the popular votes cast for him and rodney."" Since most of the states have a ""winnertakeall"" system, its easier to determine which candidate gets the electoral vote if there is a plurality in the state. A tie in the electoral vote is possible, but not very likely, even if the total is an even number. Voting based on the popular vote would just cause more problems than we would like to deal with. RunOff Elections are avoided because of the Electoral College. RunOff elections are elections that are caused when neither candidate receives a majority of the votes given. As the article states, ""Nixon in 1968 and Clinton in 1992 both had only 43 percent plurality of the popular votes, while winning a majority in the Electoral College 301 and 370 Electoral Votes"". The Electoral College clearly shows who wins without any complications that would create pressure for runOff Elections. We are releived of this pressure because we have the Electoral College. Finally, the Electoral College helps balance the weight that large states lose because of I urge this country to continue with the Electoral College as it always has! There may be better methods out there, but the Electoral College is the best system we have right now.",0
"supposed a regular part of the business. On finding Mrs. Bennet, Elizabeth, and one of the younger girls together, soon after breakfast, he addressed the mother in these words,-- “May I hope, madam, for your interest with your fair daughter Elizabeth, when I solicit for the honour of a private audience with her in the course of this morning?” Before Elizabeth had time for anything but a blush of surprise, Mrs. Bennet instantly answered,-- “Oh dear! Yes, certainly. I am sure Lizzy will be very happy--I am sure she can have no objection. Come, Kitty, I want you upstairs.” And gathering her work together, she was hastening away, when Elizabeth called out,-- “Dear ma’am, do not go. I beg you will not go. Mr. Collins must excuse me. He can have nothing to say to me that anybody need not hear. I am going away myself.” “No, no, nonsense, Lizzy. I desire you will stay where you are.” And upon Elizabeth’s seeming really, with vexed and embarrassed looks, about to escape, she added, “Lizzy, I _insist_ upon your staying and hearing Mr. Collins.” Elizabeth would not oppose such an injunction; and a moment’s consideration making her also sensible that it",0
"Countries and cities all across the world are joining in on the ""no car"" trend, and it seems to be no passing fad. From Germany, to France, to Columbia, to the United States, everybody is trying to start driving less for a cleaner, happier world. countries governments everywhere are trying to get people off the roads and start biking, walking, or using public transportation instead. As the people in these countries have learned, there are many advantages to giving up driving cars, if even only for a few days rather than their entire lives. The main advantage is a cleaner planet. Emissions that cars release play a large role in the world's air pollution. Carbon emissions create smog that makes the sky grey, damages our lungs, and harms the plants that give us clean air. Due to carbon emissions from cars, Paris once had as much smog as ""Beijjing, China, which is known as one of the most polluted cities in the world"" Source 2. If we start driving less cars it will have really beneficial implications for the environment, especially ""... since transportation is the second largest source of America's emissions, just behind power plants"" Source 4. Imagine what positive effects banning cars would have on the population's and world's health. One positive effect would be a lot less stress. Driving is a dangerous activity where you are constantly putting yourself at risk. Many people realize this and tend to be scared of driving or are constantly nervous when they drive. Rushing to drive to work on time also creates negative stress. Says German media trainer and mother, Heidrun Walter, of no longer owning a car, ""When I had a car I was always tense. I'm much happier this way."" Daily long commutes are also a large determining factor in someone's mood. Some people have to drive for hours a day just to get to their already stressful job and then again when they go back home. This creates for a very unhappy society. Now there are a couple of good things that come from a society that is no longer obsessed with car culture. One thing is that ""the Internet makes telecommuting possible and allows people to feel more connected without driving to meet friends"" Source 4. This lessens the need have a car to take you to distant places. With the banning or lessening use of personal vehicles cities and towns are being rebuilt. ""In this new approach, stores are placed a walk away, on a main street, rather than in malls along some distant highway"" Source 1. This has encouraged healthier and cheaper modes of transportation such as walking, skating, bicycling, and public transportation such as buses. Fewer cars and this rebuilding of cities saves you money and commute time. Just think about all those rising gas prices. You don't need to pay tolls when you walk, or get fined when you run too fast. Prices for parking spots and passing tolls are going up anyway. It's an easier and cheaper alternative to just walk or bike somewhere. Public transportation like buses and subways cost a lot less too. Studies have found that fewer people are buying cars and getting their licenses it's for a reason. Lastly, not only are leaders across the globe joining in on the idea of life without cars, but so are carselling companies. ""Companies like Ford and Mercedes are already rebranding themeselves ""mobility"" companies with a broader product range beyond the personal vehicle"" Source 4. Even Bill Ford, executive chariman of the Ford Motor Company proposed a business plan in which ""personal vehicle ownership is impractical or undesirable."" Ford suggested becoming partners with the telecommunications industry to create cities in which ""pedestrian, bicycle, private cars, commercial and public transportation traffic are woven into a connected network to save time, conserve resources, lower emissions and improve safety"" Source 4. So next time you think about buying a new car or driving to work all buy yourself, try to rethink your actions and imagine the effect it will have on not only you, but everyone around you. Maybe you can bike to work if it's not that far, take the bus instead, carpool with some coworkers. The planet and future generations will thank you if you just limit your car usage, even a little bit at a time.",0
"Dear Florida Senator, I feel as if we, as Florida citizens should be able to change election by popular votes rather than Electoral College. I understand that The Electoral College is a process that consists of the electors, the meeting of the electors where they vote for President and Vice President and so forth but you don't understand how it is affecting the citizens. We are the people that vote! I am against the Electoral College process because it overrides popular vote, voters aren't really voting for president, and the process is unfair to voters. To begin, I am against the Electoral College process because it overrides popular vote. For example, in 2000 when Al Gore had more popular votes than Bush yet fewer electoral votes, he lost the presidency. The popular votes is what really counts because its the actual citizens voting not the electors. In contrast, The Electoral College is a nondemocratic method of selecting a president that ought to be overruled by declaring the candidate who receives the most popular votes the winner. The Electoral College process is forgetting that the popular votes is what really matters. furthermore, I am against the Electoral College because voters aren't really voting for the president. For instance, if you lived in Texas and wanted to vote for John Kerry you'd vote for a slate of 34 Democratic electors pledged to Kerry. The process isn't even trustworthy because the presidential candidates can elect themselves. Under the electoral college process voters aren't voting for president but for the slate for electors. Finally, I am against the Electoral College because its unfair to voters. For example, during the 2000 campaign, 17 states didn't see the candidates at all. candidates don't spend time in states they know they know the have no chance of winning. This is unfair because voters should know who they are voting for. Voters in presidential elections are people who want to express a political preference rather than people who think that a single vote may decide an election. In conclusion, The Electoral College should not be used because it overrides popular votes and voters aren't really voting for the president. Also because Electoral College is unfair to voters.",0
"The invention of the automobile revolutionized the way humans traveled from place to place in the 20th century, but now since we have entered the last century, people are beginning to question why we implement the automobile so much into our lives. The automobile should not be so interconnected within our lives, in fact, limiting it's usage would have many advantages. These advantages include cutting down on our carbon footprint, and reducing the amount of stress and congestion within our streets. Restricting the usage of the automobile can benefit the environment immensely. After all, transportation is the second largest source of pollution in the US, so restricting automobiles can severely reduce the impact of carbon emissions on our environment Rosenthal. If we don't take action now, and start cracking down on pollution from carbon emissions, our cities will develop smog problems similar to what Beijing experiences, which is one of the most polluted cities in the world Duffer. fortunately for Paris, a week of partial driving bans helped clear the five days of nearrecord pollution it was experiencing, and it helped it return to normal Duffer. If five days of reducing the number of drivers by half manages to clear the smog from Paris, it's possible to delay or even halt the risng of global warming across the planet if the globe decides to enact restrictions on car usage. Therefore, restricting car usage could have innumerable benefits for our environment. Another advantage of restricting car usage would be a reduction in the amount of stress and congestion crowding our city streets. For instance, when Paris enacted the weeklong half ban on automobile usage, congestion was down 60% in the city's streets Duffer. Another instance of a city banning automobiles is Bogota, Columbia, which bans cars one day a year. The goal is intended to promote alternative transportation in the city, and this leaves the ""streets of this capital city eerily devoid of traffic Jams"" Selsky. Many citizens enjoy this day, and resident Carlos Arturo Plaza described the day as ""a good opportunity to take away stress and lower air pollution"" selsky. A city called Vauban in Germany are pioneering a new type community where no cars are permitted within the city, and the only area they are permitted are the outskirts of the city. This orientation benefits the residents by elimating most of the noise and stress of car engines running, and instead replacing them with the swish of bicycles and the chatter of wandering children Rosenthal. A resident of the pioneer city, Heidrun Walter, said ""When I had a car I was always tense. I'm much happier this way"" Rosenthal. Therefore, limiting car usage collosally reduces the pandomonium and congestion we experience everyday in our lives due to automobiles. All in all, restricting car usage poses numerous advantages for everyone. The advantages include reducing our impact on the environment by cutting down carbon emissions, as well as decreasing the amount of stress and congestion found in our city streets.",0
"The Electoral College is a process put into place by the founding fathers for the purpose of electing a president. However, this process was enacted at the very beginning of the United States and the question must be asked, Is it still necessary? Or even fair? With advancing technology and better processes, the old ways of doing things must be questioned. Almost all states have a winnertakeall system in place, with the exception of Maine and Nebraska. This system has many faults and in some cases can produce false results. A presidential candidate that wins by a large majority in a state will win the electoral votes of that state, however, if another candidate wins a very close election, heshe will also win a state. For example, in the 2000 presidential election between Al Gore and President Bush, Al Gore won the popular vote of the people but lost the election for president because of the electoral college, the very fact that we know what the popular vote was is proof of neccesity of change. Not only this, but sixty percent of voters want to vote directly. This makes it possible for a candidate to have more individual votes but less electoral votes, making the system somewhat corrupt. Not only is the process of the Electoral College unfair, it is simply not necessary, with most voters using digital machines to enter their vote for candidate, votes can be counted digitally and accurately. The electoral college was a great idea before computers were invented and all votes had to be counted by hand. When the process of the Electoral College was put into place, it would have been impossible to count he votes of the entire country with any degree of accuracy, and even if it was possible, the validity of votes would be constantly be questioned. But in this day and age technology makes the very idea of the electoral college obsolete. I understand the desire for preserving traditional methods but not when it sacrifices a fast, fair, easy system. Not only should we use a system using computers to count votes, but we already do, news broadcasters show which presidential candidate is winning in real time using modern technology. This allows us to know which candidate has won the election on voting day. Keep in mind that when the electoral college was made, many citizens had no idea who had won often until the next year. The fact that we know immediately is proof that the meeting of the Electoral college in December is completely unnessessary. And what if there is a tie in the electoral vote, although we know what the popular vote is, we would still have to send the vote to congress. Times have changed. Technology has improved. With this the very building blocks of our government must be improved and updated.",0
"It is becoming increasingly evident that one part of life many older people took for granted may be going away soon. The invention of the car was revolutionary, but in modern times it seems that many wish to build communities that do not revolve around them. The reason for doing this vary somewhat across the different movements, but one main reason is that recuding car usage will reduce the amount of greenhouse gases and pollution. In fact, many places where this movement has gained traction are cities where pollution was a major issue, such as Paris and Bogota. Another factor is that many people simply are not as interested in cars as they were a few years ago, and have licenses only as a backup. The various movements are spreading all over the world, slowly but surely. ""In a program that's set to spread to other countries, millions of Colombians hiked, biked, skated or took buses to work during a carfree day yesterday, leaving the streets of this capital city eerily devoid of traffic jams,"" said Andrew Selsky of the Seattle times. Bogota, Colombia is notable for being one of the earlier players in this movement, and has shown that it can be effective. Not even rain convinced people that cars would be a better option. ""These people are generating a revolutionary change, and this is crossing borders,"" said Enrique rivera. Not only have other Colombian cities joined in the movement, but is has inspired similar actions in other countries. It would only be a matter of time before some people would take it to the next level. ""Residents of this upscale community are suburban pioneers, going where few soccer moms or commuting executives have ever gone before: they have given up their cars,"" said Elisabeth Rosenthal of the New York Times. While not outright banned, cars are looked down upon in this square mile rectangle, where it is much easier to simply walk or bike. The only places to park are a 40,000 parking garage and inside one's house. ""...Some new suburbs may well look more Vaubanlike, not only in developed countries but also in the developing world..."" said Rosenthal. This approach is gainging ground, as not only does the model inherently reduce carbon emissions, but also is a sharp contrast to 1950sstyle suburbs that previously dominated the land. Another probable reason, however, might be due to shifting interests. You might soon be seeing less cars in general. ""...America's love affair with its vehicles seems to be cooling,"" said Rosenthal. America may be the home of the classic muscle car, but many people today would rather have something less flashy and more utilitarian. 2005 was the year where the most people were driving in recent times, and ever since then it has been dropping. ""I think that it means something fundamental it going on,"" said Prof. Michael Sivak of the University of Michigan. Many people are simply losing interest in driving cars, while some people simply cannot afford them due to socioeconomic factors. Also, the advent of the Internet and social netowrking has made many people ""feel more conncected"" without the need to drive around in oder to meet someone in real life. If this trend continues, which it is predicted to do, then situations like what recently occured in Paris would be more readily accepted. ""After days of nearrecord pollution, Paris enforced a partial ban to clear the air of the global city,"" said Robert Differ of the Chicago Tribune. It seems almost surreal for a major city to outright ban driving, but that is exactly what Paris did. Cars are occasionally banned based on their license plate, so as to still let some traffic flow while reducing smog, which had become a major problem for the city. ""...The smog rivaled Beijing, China, which is known as one of the most polluted cities in the world,"" said Differ. Of all the European capitals, Paris is by far the most polluted, mostly due to a combination of warm weather and the abundance of diesel fuel. The simple act of banning driving has been a major help in reducing smog, with the skies clearing up enough for it to be considered safe for oddnumbered cars to return to the streets. It still might take some time for other cities to go to measures as extreme as Paris did, but it very well might happen eventually. The world has seen many communities test the idea of modern carless commuting for us, and we should be taking notes. While copying Paris seems like a risky way to start, communities like Vauban are excellent baby steps, and major cities like Bogota participating in these activities only once a year can get people used to the idea elsewhere. Decreasing carbon emissions is an important goal for urban areas, and for a while it seemed like cars were a neccesary evil. Now, however, it has been shown that life can go on without them. Perhaps further experiments will occur in the future that will introduce the idea to more people, letting others consider various options. Now is the perfect time to prepare for the future.",0
"as marked her self-importance, and brought Mr. Wickham immediately to Elizabeth’s mind; and, from the observation of the day altogether, she believed Lady Catherine to be exactly what he had represented. When, after examining the mother, in whose countenance and deportment she soon found some resemblance of Mr. Darcy, she turned her eyes on the daughter, she could almost have joined in Maria’s astonishment at her being so thin and so small. There was neither in figure nor face any likeness between the ladies. Miss de Bourgh was pale and sickly: her features, though not plain, were insignificant; and she spoke very little, except in a low voice, to Mrs. Jenkinson, in whose appearance there was nothing remarkable, and who was entirely engaged in listening to what she said, and placing a screen in the proper direction before her eyes. After sitting a few minutes, they were all sent to one of the windows to admire the view, Mr. Collins attending them to point out its beauties, and Lady Catherine kindly informing them that it was much better worth looking at in the summer. The dinner was exceedingly handsome, and there were all the servants, and all the articles of",0
"Imagine the world in the future, completely full and covered with cars. Roads are going to start taking up every area of Earth, if people continue driving everywhere and buying cars. I think people should limit car usage because it's environmental friendly, they'll get more exercise, and people will be happier. Cars can be handy from time to time, but i think they should only be used occasionally. Imagine if there was a car for everyone on the planet. Car usage should decrease. First of all, the Earth is beautiful and the people on it need to take better care of it. For example, just one day without the use of cars in a city, allowed them to construct bike paths, new sidewalks, and reduced traffic jams. Fuel from cars will polute the air and cause smog. If everyone continues to use cars as much as they do or more, there will be no way to clean all the air. When Paris banned cars for a while, smog was cleared and reduced by a lot. Limiting car use will not save the Earth completely, but it will help very much. Secondly, if people started using cars less, they could get outside more and get more exercise. Biking will help people get fresh air and decrease pollution because cars won't be used as much. People should start finding jobs or doing activities that are close enough to walk or bike to. Cars are for situations in which you really have no other way there or long distances. That's all I think they should be used for. Everyone would be much more fit and healthy if it weren't for being lazy and having to take a car there. Lastly, not using cars could increase people's happiness. Some people suggest that having a car makes them tense. Everyone would become much closer together and explore more of the world without cars. We could all be outdoors or around each other more. For example, you could take the bus to work instead of your car and meet a new friend. You never know what could happen when you try something new. It's good to change things up once in a while, like not taking your car every now and then and finding another way there. In conclusion, the positives definetely outnumber the negatives of limiting car use. The main three reasons in my opinion is that it's environmental friendly, you'll get more exercise, and you'll most likely be much happier. Think about all the good outcomes that could come out of not driving your car and try it sometime.",0
"The Electoral College gives certain states, based on their popularity, a number of how many of what I guess can be called ""points"" that will go to to the candidate that gets the most votes for themself out of that state. Now whether that is a good idea or not is completely based on your own opion which you can decide. But I disagree with the Electoral College, even though it did take me a while of thinking I came to the conclusion that an all out popular vote is more efficient when it comes to voting for a president than the electoral college, and there is three main reasons that swung me to side with popular vote, First of all, when you get right down to it the Electoral College just doesnt give perfect accuracy on who does actually get the exact most votes. Some people cant completely grasp this fact but imagine that there is Florida, Alaska, and Montana. The first candidate, which we shall call John and the second, Bill, are going for these three states. John beats Bill on Florida 5,000 to 4,999 and John gets all 29 electoral votes because of that, tough luck for Bill. Luckily for Bill he sweeps over John in Alaska 100 to 0 and montana 100 0 and gets 3 points from each state which gives him 6 points total. So now by popular vote Bill would win with 5,199 votes against John's 5,000. But since Bill only has 6 Electoral points because he still lost Florida, which was the state John won and got a whopping 29 points from, Bill will lose his campaign to John 296 because thats what the amazing ""wonders"" of the Electoral College are. Which basically sums up how in 2000 Al Gore lost to Bill Gates even that Al Gore had more overall votes. The Electoral College also makes candidates have to strategically plan out their campaign so they can focus on big states and swing states only. If a candidate knows he will not win a certain state he wont even focus on it because it would be pointless, even if he changes maybe a couple thousand voters' minds, it wont get him a single point if he loses that state 5000 15000 whereas with popular vote changing the mind of people so that you get yourself from having 10% of California's overall votes for you to 30% means more votes than literally all of alaskans eligible voting population. So that drives candidates away from states they wont win and they go to states known as ""swing states"" that dont have a specific party that they vote for every election, and they will attempt to win these states votes the most because those points will make the biggest difference. The final thing I'd like to touch on is that the Electoral College system takes so many peoples idea and erases it. We want our vote to mean something throughout the whole campaign, but it doesnt matter if you are one the few democrat supporters in an overall republican dominated state because when your state loses 5000 to 150, poof! There goes your vote floating off into oblivion because it doesnt matter now, your one vote doesnt stand a chance against 50 going against it according to the Electoral College. We want our vote to count for the candidate himself not be part of some majorly flawed point system that someone thought would help somehow when picking the right candidate to become the head honcho sitting in charge of The White House, Our Country, and be the overall leader of our military forces too. So we need our vote to be heard and for it to actually count, even if 5000 more people disagree with 2500 in the same state, those 2500 votes should actually count towards something instead of being overrun and erased by the 5000 which will earn some candidate a couple of points for their campaign. Now after all this not only has my own opinion strongly changed in favor of popular vote but I hope yours has too. Electoral College just doesnt provide that actual perfect accuracy of who wins that popular does, it forces presidents to only visit and campaign in certain states that they have a chance of winning, and it takes citizens votes and throws them down the drain if more people in the same state vote differently. It just makes you sit and wonder whos idea it was to accept this system.",0
"The way we should change the way we choose our United States president. I am against the Electoral college. I feel like with the Electoral college my vote does not matter. The Electoral college is a pretty unfair way to choose out president. I think its time to try something new. A expirement perhaps. How do we know the popular vote system doesn't work if we had not tried it. You know what they say don't knock it to you try it. We can avoid what happens in 1968 or 2000. Im just saying and im not the only one saying this but the Electoral College is unfair and irrational. The Electoral college is a voting catastrophe. Many people fell like their vote doesn't matter or even make a difference. Their not the only ones. Some people just feel like the Electoral College is way too complicated to understand. Some just rather have their vote go straight to the president. Well they say their trust is rarely broken. Well thats still means it can be broken. Also, whats with the ""winner take all"" ? People here that say "" wait what?"". Well to start off its a little bit unfair. We the people just want to pick our president of united states not some electors who might not even be that loyal to the person you voted for any way. We young generation should try something new in the future. Which im saying that the Electoral College is a little bit old and outdated dont you think. This Electoral College can be unfair and irrational at times. Also complicated as well. We voters wish their was an easier way to choose the president. well their is, we just haven't been using it yet. They say they want to avoid another 1968. Or, even a 2000 election. Well i haven't seen any change or concern for this matter. Instead of changing the rules , how about we change the voting systems in all. People have been trying to abolish the Electoral College for decades. People like President John F. Kennedy. Even one of our presidents was oppose to the Electoral College. Who is the Electoral Collage any way. Just some people who Dont currently hold office. Well whats the point of knowing who your voting for but not actully know who your voting for. basically voting for someone who can not be trusted or not be loyal enough. We have to vote on trust and confidence. I know i want my vote to matter. So you see why we should change the way we choose our president. The Electoral college is a pretty unfair way to choose out president. I think its time to try something new. Many people fell like their vote doesn't matter or even make a difference. I just want to seeif any change can happen in the future. This Electoral College can be unfair and irrational at times. Also complicated as well. If we want to avoid 1968 or 2000 lets make a change. Atleast lets try it out for a election or two to see how it works. Instead of going off of this is what we been using so we are going to keep using it. Im just saying and im not the only one saying this but the Electoral College is unfair and irrational.",0
"Dear Senator, The electoral college was a perfect way of electing, in the 1900's. Now, we should be allowing the people of the United States decide who they want to be their president. Not only is this inequality, but it is deceiving and unfair. I know people say ""Life's unfair."" and while it is, we should be doing our best to keep our country in line. We are already in a steep pile of debt. Obama has only made this worse. Why was he elected? Mostly because he is part of a minority. Inequality much? U.S. citizens are being put to shame by every elector in the electoral college. We have the right to vote, for electors. And these electors barely ever follow suit. Not only do they stray from what the people want, they also take away our authority in the government. If we have the right to vote, then let us vote on wether or not to keep the electoral college. I'm pretty sure i'm not the only one who has these thoughts. I understand that I am simply a child and that you have no reason to listen to me, but if not me, listen to the rest of our country. Under the electoral college system, voters vote not for the president, but for a slate of electors, who in turn elect the president. passage 2, paragraph 10 As stated by Bradford Plumer, we do not elect our president. If we did, Al Gore would have been our president in 2000. If all men are equal, then why are you choosing certain people over the U.S. population. It is utterly deceiving to take our votes and throw them away, to make us think that our votes matter when they really don't. If this is who you want to choose our president, then don't have us vote. Although people say that the electoral college takes away the chance of majority, that's how the system works. How do you think the president wins? They like to call it winnertakesall. That is a nice way to put it. The president is decided by the majority of votes in the electoral college. What puts these electors above me? I am young, but I have a working mind just like my parents. Why do my parents votes get pushed to the side and ignored? The reason is because the U.S. is a lying and unfair country. They tell us that we are the ones who control the government, yet they put our own people above us. America has been going downhill and that is all that will continue if we dont change something. Getting rid of the electoral college will allow us to prosper. Why listen to a young teenager? Well, I know how it feels to be put on the bottom of the ladder, even if you are the smartest. America knows what is best for us. Not a few people chosen in each state to represent what they themselves want. Let us choose the president once, and if it doesn't work out, then you can continue your way. Just remember, if you never shoot for the moon, you will never reach the stars.",0
"_my_ opinion,” said Wickham, “as to his being agreeable or otherwise. I am not qualified to form one. I have known him too long and too well to be a fair judge. It is impossible for _me_ to be impartial. But I believe your opinion of him would in general astonish--and, perhaps, you would not express it quite so strongly anywhere else. Here you are in your own family.” “Upon my word I say no more _here_ than I might say in any house in the neighbourhood, except Netherfield. He is not at all liked in Hertfordshire. Everybody is disgusted with his pride. You will not find him more favourably spoken of by anyone.” “I cannot pretend to be sorry,” said Wickham, after a short interruption, “that he or that any man should not be estimated beyond their deserts; but with _him_ I believe it does not often happen. The world is blinded by his fortune and consequence, or frightened by his high and imposing manners, and sees him only as he chooses to be seen.” “I should take him, even on _my_ slight acquaintance, to be an ill-tempered man.” Wickham only shook his head. “I wonder,” said he, at",0
"The anachronism that is the electoral college is a system that unfairly represents voters and can possibly lead to catastrophe. The much simpler solution would be election by popular vote where every voter in every state matters rather than the system of the electoral college that discounts many voters opinions. The arguments against popular vote are either illogical or inconsequential and we as a nation should pay no heed. The biggest and most obvious problem with our current electoral college system is that it unfairly represents voters in the states. An example of this unfairness towards voters propagated by the system is expressed in ""In Defense of the Electoral College: Five reasons to keep our despised method of choosing the President"" by Richard A. Posner where it is stated that in the 2012 election between rodney and Obama Florida gave all of its electoral votes towards Obama when he only won 61.7 percent of the vote. This method completely exludes the opinion of the minority, that 48.3 percent of people in Florida who didn't vote for Obama got their say taken away, their opinion no longer mattered to the election because all of the electors were given to Obama by a small majority. A second unfairness to the voters is the attention taken away from any voter not in a swing state. In the article written by Bradford Plumer named ""The Indefensible Electoral College: Why even the bestlaid defenses of the system are wrong"" it is said that in the 2000 election that seventeen states got no attention from the candidates whatsoever. This system gives undeserved attention to a few swing states which will decide the election because of our outdated system of the electoral college. If popular vote was instituted the attention given to voters of all states would be equal as every vote from every state matters. A problem with the electoral college that could possibly outshine the unfairness of it would be the potential for catastrophe that it brings. As is stated in ""The Indefensible Electoral College: Why even the bestlaid defenses of the system are wrong"" by Bradford Plumer the electors presented by the states according to popular vote are not even obliged to vote for the candidate they said they would. Even though this may be a rare occurace a single elector betraying his party could cause misrepresentation of millions of Americans. Another possible disaster would be a tie vote in the electoral college. This situation, as explained in the same article, would cause a vastly unfair election incomparable even to the unfairness of the normal system. This horrible system consists of each state getting one vote for the president which when you consider that some states have many times the population of others means that millions upon millions of people could have the same say a a couple hundred thousands, an injustice unthinkable in our society and one that could be stopped by instituting a popular vote system. The arguments against popular vote presented in ""In Defense of the Electoral College: Five reasons to keep our despised method of choosing the President"" by Richard A. Posner are unrealistic, unsupported, or insignificant. The argument presented as ""Certainty of Outcome"" says that a dispute over popular vote would be much more common but provides no evidence to support the claim, invalidating it. The article's second argument states that candidates would have more incentive to stay in their region if popular vote were implemented but this entire argument relies on the fact that there are not enough electors in any one region in order to elect a president. Although this is true it doesn't matter because the same is true of population, no one region has an overwhelming population advantage over others and population is what matters in popular vote. The third argument is the most illogical stating that the electoral college's tendency of causing only swing states to matter is actually a good thing because it increases the education of the populations of those states by the increased attention by the candidate, therefore the educated would decide the vote, making it more accurate. This is a parochial and shortsighted viewpoint, not considering the fact that the system of popular vote would make candidates pay attention to all populations, making all voters more educated rather than having some elite educated aristocracy in the swing states. The articles fourth argument is possibly even more deluded than the third, stating that large states get more attention because of the electoral college which balances out the fact that states have hugely varying populations but the exact same thing would happen in popular vote because some states have larger populations and candidates need larger populations for election in popular vote. The electoral college in this instance changes nothing meaning that the argument leads nowhere. The only argument presented in ""In Defense of the Electoral College: Five reasons to keep our despised method of choosing the President"" by Richard A. Posner that has any merit is the fifth which shows that popular vote could lead to possibly complicated runoff elections. Although that is a disadvantage of popular vote I believe that the vast unfairness and averting disaster is worth the cost of slightly complex runoff elections. To support the electoral college one must rely on unrealistic or insignificant evidence. This ""evidence"" can be easily refuted and outwieghed by strong evidence from the opposing side. To support the electoral college you are supporting unfairness and catastrophe and to any reasonable person that is not a very intelligent idea, making the need for popular vote irrefutable.",0
"Fellow citizens their are many advantage to limiting your car usage. With a wide range from not getting a ticket to helping the environment, and it's a social trend, driving cars are now a thing of the past. In Vauban, Germany a community where only thirty percent of its entire population owns vehicle. The advantages for not owning a car are displayed in this upscale community by the ability to walk, and ride a bicycles to stores, shops, and restaurants. The secret to this the innovative take on this community, is by not placing these all of stores, shops, and restaurants in some crowed mall, but accessible from a mere walking distant. Also a great way to burn off calories and in time put an end to obesity. By reducing car usage smog and other pollutants in big cities can be drastically reduced. In Paris congestion of smog was down sixty percent, the way they got people to stop using cars was by putting a fine driving your car for the day almost 4,000 drivers were fined thirty one dollars that day. Another example of this is in Bogota, Colombia here most the millions of people were willing to give up car usage, a program that was started in the mid 1990s called the Day Without Cars with it's goal is to promote an alternative transportation. As a result of this added 118 miles of bicycle track, parks, and sports center to this city. Lower emissions of green house gases are also helping the environment with the help of Day Without Cars program. People are slowly drifting away from their cars. The miles driven per person in the U.S. has dropped nearly nine percent since it's original peak in 1995. Many things have been suggested to reduced the car usage in the U.S. The number of car ownership per household and per person has come down three years before the downturn of car usage that started in the 2005. People in the U.S. are also more likely to retain a drivers license at an older age as to opposes to the younger age groups between 16to39yearolds. In conclusion, the age of cars are slowly coming to an end. People are planing for the cleaner and healther future that lies ahead of us, where pedestrian, bicycle, private cars, commercial and public transportation are woven together into a connected network. The revolution is upond us.",0
"Life has revolved around driving since the termination of World War II. In sources 1 and 4, the authors mention the population's inhabitants have greatly reduced or stopped car usage wholly voluntarily. While in sources 2 and 3, the cities have banned car usage on certain days. The advantages of limiting car usage include less pollution and increased accessibility to the entire city. Pollution is an large issue in todays world. According to Rosenthal in source 1, ""passenger cars are responsible for 12 percent of greenhouse gas emissions in Europe... and up to 50 percent in some carintensive areas in the United States P5."" The use of cars has created smog in many large cities. The 2009 Olympics in Bejing required the city to reduce car usage in order to clear the air. Those participating and attending the event were in danger of harming their lungs. The citizens of Bejing has already been noted to wear respirators and other devices to filter the toxins from the air they breathe. In this extreme case, it was mandatory to cut the usage of cars down. But in other cities, they have not reached this extreme and it can be easily prevented by limiting car usage. Duffer mentions the pollution in the skies of the global city of Paris has been noticeably decreasedP19. In another scenario of pollution in the atmosphere, the city has taken initiative to ban cars depending on the number of their license plate. Without the emissions from the cars, the air would be clean to breath and a better sight as well. The new generation has grown up with cars yet when the time comes to obtain a license, they forgo the opportunity. Selsky says that without cars, the city's parks and sports centers have been heavily visited. The pedestrian walkways and shopping centers have also came in large numbersP28. Due to the abandonment of cars, upscale commerce and new restaurants were constructed. Rather than a large mall near some interstate or other large roadway, shopping districts have transformed into locations in which are near public transportation or in walking distance. Rosenthal shares an anecdote that outlines that public transportation, carpooling, and even walking have replaced the car for himself and his childrenP40. Public transit is not viewed down upon anymore, it is a smarter way of getting from one place to another. Carpooling isn't a desprete call, it is a resource that has become essential and benificial to both parties. A combination of carpooling, walking, and public transit makes the city much easier to access and explore. The development of cities is no longer based on cars. It is now be based upon the access it will give to those without cars. Limiting the use of cars makes the city improved in many ways. Clean air and more efficient ways of transportation highlights that cars are no longer needed and limiting car usage will have even more advantages in the future.",0
"World war II was the start of development centering cars but in the recent years the popularity as well as the traffic has gone down because of limiting car usage which have lots of advantages. Limiting the use of cars advantages are less air pollution and new communities Initially, less car usage means less carbon emissions which leads to less air pollution. For example, Elisabeth Rosenthal author of "" The End of Car Culture"" wrote ""If the pattern persists and many sociologists believe it will it will have beneficial implications for carbon emissions and the environment since transportation is the second largest source of America's emissions..."". Limiting the use of cars will have a really big benefit on the environment by stopping more emissions from damaging the Ozone layer. For example in Bogota, Colombia they have a day called ""Day Without Cars"" and Carlos Arturo Plaza a businessman who lives then says ""It's a good opportunity to take away stress and lower air pollution."" from ""Carfree day is spinning into big hit in Bogota"" written by Andrew Selsky. People living thene have seen the benefits of the limits on cars and thinks it's a really good thing for their cityand not even rain can stop people from participating says Bogota Mayor Antanas Mockus. Additionally, these limitations have created new communities by building places that are very easy to get to. For example, Elisabeth Rosenthal author of ""In Germany Suburb, Life Goes On Without Cars"" wrote ""In this new approach, stores are placed a walk away on a main street, Rathen than in malls along some distant highway."" With the new approach of limiting car usage things are built closer making many things accessible to everyone. For example, Andrew Selsky the author of ""Carfree day is spinning into big hit in Bogota"" wrote ""Parks and sports centers also have bloomed throughout the city uneven, pitted sidewalks have been replaced by smooth sidewalks rushhour restrictions dramatically cut traffic and new restraunts and upscale shopping districts have cropped up."". With the changes of accessibility buissness owners have to come where the money is making everything more accessible and creating new things in the area. Building things closer attracts more people which means more homes being built and more families enoying the community. Clearly, the advantages of limiting car usage is amazing because it means less air pollution and new communities. Limitations on car usage will benefit us and the world.",0
"this?” cried Mrs. Gardiner, whose curiosity as to the mode of her intelligence was all alive. “I do, indeed,” replied Elizabeth, colouring. “I told you the other day of his infamous behaviour to Mr. Darcy; and you, yourself, when last at Longbourn, heard in what manner he spoke of the man who had behaved with such forbearance and liberality towards him. And there are other circumstances which I am not at liberty--which it is not worth while to relate; but his lies about the whole Pemberley family are endless. From what he said of Miss Darcy, I was thoroughly prepared to see a proud, reserved, disagreeable girl. Yet he knew to the contrary himself. He must know that she was as amiable and unpretending as we have found her.” “But does Lydia know nothing of this? can she be ignorant of what you and Jane seem so well to understand?” “Oh, yes!--that, that is the worst of all. Till I was in Kent, and saw so much both of Mr. Darcy and his relation Colonel Fitzwilliam, I was ignorant of the truth myself. And when I returned home the ----shire was to leave Meryton in a week or fortnight’s time.",0
"The automobile was made a long time ago to help us move around faster and more efficient,however,have we really thought about the benefits that could come from limiting the usage of cars such as:Saving money in gas and insurance,Less car crash related injuries and even because its better for the environment. With limiting the usage of cars comes many pro's such as saving money. On average,an American spends about thirtyfive to forty dollars on gas per fillup and one hundred to two hundred dollars a month on insurance a month depending on age,experience,accidents,etc. By limiting your car usage completely or even just a little just imagine the extra money you'll have laying around for the nessecities and maybe even a ittle youtime. Say you buy a bike and the only time you use your car is to drive to work and anywhere outofstate,that means that you'll be able to go a week with roughly two gallons of gas. That puts you at about thirtyeight hundred dollars a year where if you were purchasing four or five gallons a week you'd be spending approximately eleven thousand dollars a year. Thats no chump change. You're insurance would gradually decrease due to safe driving and age so along with gas being cheaper,so would the insurance. Florida is a state wellknown for car crashes due to weather conditions like rain and fog and you can't do anything to change that other than take a different,much safer mode of transportation such as a bus. Nowadays bus and semitruck drivers are more experienced and cautious then they used to for one reason,CYBCover your Butt.You see major bus and semitruck companies now that due to the size of their vehicles,if there's ever crash involving one of their automobiles then they're likely to get blamed cause of the size of the vehicles and so it would make since for them to send their drivers to extensive training and make sure that their trucks are in good hands,which is exactly what they do. Studies show that you're chances of being in a wreck in a bus are one of every one hundred rides while being in a car driven by yourself puts you at a whopping one of ten ridesyur chances of safety are greatly increased. The United States of America has no shortage of pollution and that's not helped by the fact that we have one of the largest populations of personal automobiles inhabiting this country. There are many other kinds of pollution that occurrs in the land of the free but most of it like factory smoke,large shipboatsmoke and even resturant made smoke can not really be stopped or diminished by you or me but one form of pollution we can prevent is automobile smoke. In the US up to fifty percent of greenhouse gas is from carscertain areas.If you stop using you car and ride a bike even thugh it won't seem like muchyou'd be suprised at the difference. Say a sall cmmunity around yur neighborhood gives up their cars that could account for half a percent of greenhouse gas which is more than it seems. Just ask yourself if you want your friends and family growing up in a dying,polluted world. In conclusion,I'm not discrediting the huge help cars can be in our daily lives I'm just slaying if we continue along this carorientated path,pollution may be what ends our daily lives.",0
"Many citizens in the United States vote for whom they believe will achieve the goals and standards of serving as the U.S President. People think the process of voting is simple, but is it really? In the U.S, there is the Electoral College, which is'nt such a good thing for some people. That is why I'm in favor of changing to election by popular vote for the president of the United States because voters can't control whom their electors vote for and the people in the U.S have a say of what goes on in their country, including the election of the president. The Electoral College process allows citizens to vote for an elector in their state whom they believe will choose their preferred president. If the elector of their choice wins the statewide election with 87 votes, the elector votes for their preferred president along with the 87 votes. As stated in source 2 ""Can voters control whom their electors vote for? Not always."" When the elector votes for their preferred president, all the votes used on that elector counts for the president. Instead of going through this whole process, would'nt it be less of a struggle to just have citizens vote for the president of their choice and win by popular votes? Also stated in source 2 ""Do voters sometimes get confused about the electors and vote for the wrong candidate? Sometimes."" This shows how the Electoral College is difficult to understand for some people. The Unites States consists of many people who come from other counrties and speak other languages. This makes it even more complicated for some to understand even if the process is translated, and just by eliminating this process, it could make Presidential elections less complicated. The U.S is different from any other place in the world. It is a free counrty! The citizens have a say in what happens in their counrty. The people make the decisions, the people vote for what they want and the people should be able to elect a president they believe will give them that! According to source 3 ""... it is the electors who elect the president, not the people."" Why can't the people be the electors? If the people in the United States don't have the freedom to vote for a president of their choice, what say do they really have? Electing a president is like raising money for charity, the president does all the work but all they money that is raised goes to charity the people. The people want someone who will help raise the money for them, not screw over their charity. Just like when signing up for a job the boss needs to see your resume, is like the people needing to see what the president can do to help their country. The citizens should be the ones making the decisions with help from the president that they believe could help with such decisions, not from electors who believe so. Electing a president is very important to the country. Electing the president that people think could help support the U.S is also very important but very difficult as well. People should be able to easily vote for their preferred president with no difficulty, which happens to be caused by the Electoral College. By aborting this process, voters could control who they vote for and have a say in their country by voting for their preferred president. Having citizens tricked into voting for an elector is not the way to elect a president.",0
"Dear Florida senator, we should keep the Electoral College. The Electoral College has been around for decades, produced by the founding fathers, it was made as a compromise between the two different ways the president should be elected. One way being by a slate of senators, and another by simply popular vote. It was made so that citizens could still have their vote, but more politically advanced senators could make a decision. The Electoral College is not only more efficient but it lets the citizens keep their votes as well. I favor the Electoral College instead of popular vote because it helps avoid runoff elections, it uses the winnertakesall method, and gives equal opportunity to smaller states. Runoff elections, as known as, the gigantic issue with a popular vote election system. In 1968, Nixon, and in 1992, Clinton, both only had about 43 percent of the popular votes which was not enough. This is a problem because it complicates the presidential election process. This is where the Electoral College comes in hand the outcome of the votes becomes very clear this way. Instead of dealing with tricky numbers and percentages, the electoral college uses the ""winnertakesall"" method. The winnertakesall method is as literal as it sounds the winner takes all. For example if someone was running for president and they got 301 votes and 370 electoral college votes, they would win you only need a majority of 270 votes to be elected. Lastly, using the Electoral College benefits smaller states. Think of this, you live in Maine, or Hawaii, or somewhere with a smaller population than Florida or California your state would not have really that much of a impact on who wins the election. Although, you cannot choose who your state senators in the end vote for, there's a greater chance of your state having a bigger impact. It naturally balences out some of the more heavier politically impacting states. Even though things are equal, in the long run larger states population wise will get more attention than states with a smaller population. There are upsides and downsides to the Electoral College, but from a political perspective it is crystal clear that it is a better choice. Citizens for popular vote do believe it is unfair to the voters having a board of senators making the big voteimpact on the president, but those senators are highly trusted people who know what they're doing. I favor the Electoral College over popular vote because it helps avoid runoff elections, it uses the winnertakesall method, and gives equal opportunity to smaller states.",0
"The world has become a plastic bag of pollution, suffocating its inhabitants and holding in all the problems in this world. The major, and simply solved, problem is automobiles. Citizens should reduce car usage to improve there lives and take advantages of the benefits that follow. The people of Germany, Paris, Columbia, and The United States has, at least, tasted the benefits of such a simple change. Vauban, Germany has recreated itself to become a carfree community. Residents agree with and support the cause saying "" When i had a car i was always tense. I'm much happier this waydoc 1."" The stressors caused by money problems and dangers from cars, make the people of the world stressed. In addition to the relaxing effect of this kind of community, this life style reduces the amount of greenhouse gas emission expelled from tailpipe that is ""choking citiesdoc 1."" In this specially made community, cities are denser, with more public transportation and overall a cheaper way of life. The environmental Protection Agency agrees, this is a change for the better. Paris, France has gone to the nessisary extent of a partial driving ban to clear the air from the cancerous smog on the city. After banning a majority of cars from the rode, ""Congestion was down 60 percent in the capital of France, after five days of intensifying smogdoc 2."" Thats all it took, one day to make a difference, but most people of the world cannot fathom a day without their car. With the amount of people moving around this global beauty, smog covers the city, and yet nothing serious has been permanently done about it. bogota, Columbia has a special day every year: A carfree day created to promote the use of alternate transportation and reduce smog. Citizens and businessmen all support the cause, when one day made into "" A good opportunity to take away stress and lower pollutionDoc 3."" Although one day isn't nearly long enough to undo the harm that cars have done to the world, but at least it raises awareness that can spread even quicker, than a thickening smog, throughout the world. The United States has demonstrated the effects of their awareness of these problems. Evidence and researchers both notice and support that people are getting "" Fewer cars, Driving less, and getting fewer licensesdoc 4."" The decline can be tied to not being able to afford a car, but evidence refutes that by saying that it is a more fundamental revalation. People are starting to become aware of the endless benefits of a carfree world, but are stuck in this world which is consumed by them. Stuck in this automobilecentered world, people cannot see nor fathom the idea of no automobiles, and believe it to be impractical and undesirable. But if the world were to alter itself, to better accomidate this lifestyle, cities would represent a whole new meaning, "" Pedestrian, bicycle, private cars, comerical and public transportation traffic woven into a connected network to save time, conserve resources, lower emissions and improve safetydoc 4.""With some changes, people will soon see the world in a new light. One city, state, nation, and world at a time will make the change. My fellow citizens, join me, in this revolution to evolve this incompatent world.",0
"When one thinks of transportation, the first idea that springs into a persons mind would be a car. A car is used almost daily for many people. It helps us get to point A to point B rain or shine. However, complications arise from the use or overuse of cars. The advantages of limiting car usage includes reduction in pollution, promote public transport, and cut off traffic. Pollution has become a growing problem as the world continues to industrialized. The greenhouse gases emitted by machines, such as cars, have been proven detrimental to the environment. In cardense cities, smog, a mixture of smoke and fog, has become a nuisance as it covers cities. In extreme cases,it makes the air citizens breathe toxic! According to Source 1, "" Passenger cars are responsible for 12 percent of greenhouse gas emission in Europe... and up to 50 percent in some carintensive areas in the United States."". To establish limits to car usage would then, therefore, reduce the emission of greenhouse gases in the atmosphere and clear up conditions not only for the world, but make the overall city more enjoyable to live in. In order to reduce pollution and clear the air, Paris enforced a partial driving ban to clear the air of the international city. Source 2 states that "" The smog cleared enough Monday for the ruling French party to rescing the ban..."" proving that limiting car usage benefitted the city and the environment as well. Reduction of car usage would lead to the promotion of public transportation. Public transport was free of charge during the ban in Paris which stated was a success in reducing pollution. Limiting car usage would then correlate in the promotion of public transport which, according to Source 4, ""...public transportation traffic are woven into a connected network to save time, conserve resources, lower emissions of greenhouse gases and improve safety"" This not only benefits one's safety and environment but allows timeefficient traveling as buses and other public transport run along a contiuous schedule. Public transport also produces carpooling, which allows the reduction of cars on the road. This also eliminates a distributor in the production of greenhouse gases within the atmosphere which benefits the world. Limiting car usage will take one annoying factor from our daily lives traffic. As a suburban citizen living in Florida, traffic has become a daily nuisance of mine, one that not only is frusterating but stressful. It wastes time that I need to invest in being somewhere of importance. Residents in Vauban, Germany have given up their cars in their experimental new district near the French and Swiss borders. 70 percent of Vauban's families do not own cars, and 57 percent sold a car to move there. Heidrun Walter, a media trainer and mother of two says "" When I had a car I was always tense. I'm much happier this way."" In Paris, ""congestion was down 60 percent in the capital of France, after fivedays of intensifying smog..."" during their ban in response to reduce pollution. This would make the lives of many citizens much more happier and time efficient as there are no worries about arrving late to an area of importance! Limiting car usage in many large cities accross the globe is not impossible, it has been done successfully in globally impactful cities such as Paris. This reduction of cars will not only benefit a community or a city, but the whole world! It will reduce pollution, promote the usage of public transport and carpooling and cut down on the rushhour traffic leaving condtions in cities much more enjoyable to live in.",0
"More people today are driving less and using public transportation, walking, or riding a bike more. The main reason for this is because it benefits our environment. When people drive a car it releases gases into the air and breaks down our ozone layer that protects us from harmful rays from the sun. Limiting car use helps by decreasing the gases into the air. People all over the world are helping prevent the usage of cars in many ways. In Germany, people are moving to places that are ""carfree"" which is stated in the article In German Suburb, Life Goes On Without Cars. It also says that ""cars ownership is allowed, but there are only two places to parkLarge garages...Where a carowner buys a space, for 40,000, along with a home"" article 1 paragraph 2 This is trying to limit the usage of cars buy making it cost so much to park your car. Some people are saying that cars make them tense and by walking it makes them happier and more relaxed. They dont have to stress about putting gas in the car or driving safely. They are also trying to ""make cities denser, and better for walking""article 1 paragraph 6 putting stores closer to areas with a higher population so people can walk to them helps. This is an advantage to people who live in carfree areas. Paris is also taking part to help better our environment. They have ""enforced a partial driving ban to clear the air of the global city"" according to the article Paris Bans Driving Due to Smog. The city is being more forceful with this action by giving a fine of 22euros 31 to people who didnt leave their cars home on their day. Due to having these days banned from driving ""congestion was down 60 percent in the capital of France"" article 2 paragraph 14 By doing these two day France was no longer considered the most poluted city in the world, Beiging, China was the new holder of this name. People are now hopeing to get ""plugin cars, hybrids, and cars carrying three or more passengers"" This will help benefit the environment by decreasing the air pollution in the air. BOGOTA, Colombia is making their move by having a carfree day where Colombians hiked, biked, skated, or took buses to work. "" The goal is to promate alternative transportation and reduce smog"" according to the article Car free Day is Spinning into a Big Hit in Bogota. They want to show people there are several other ways to get somewhere without useing a car. A couple using a twoseat bicycle said it was a great way to take away stress and lower air pollution. Other cities in Colombia are also taking part in this event. Now the city of Bogota is making 118 miles of bike pathways for people to use daily. This day helps more people get outside and get active to. The article also states that "" Parks and sport centers also have bloomed throughout the city"" Having this day reduces the air pollution that was occuring and helps people relax. To conclude, many citys are taking part in this act. They limited the car use and helped limit air pollution. People are starting to use cars less and take more alternative routes like walking or biking. Maybe you should try walking or riding a bike to work or school.",0
"Have you ever wondered what it would be like to live in a world with not a lot of car usage? Imagine never driving but walking or ridding a bike to any place you would want to go to. The mall, grocery store, movies all a small walking distance away. That would be great right? You'd be helping yourself and the world by making you fit and the world's pollution decrees. That sound interesting I feel like the world is slowly coming to a stopping point with car use. A world with cleaner air is what we would have if everyone limited the use of their cars. According to "" In German Suburb, Life Goes On Without Cars"" by Elisabeth Rosenthal "" Passenger cars are responsible for 12 percent of greenhouse gas emissions in Europe... and up to 50 percent in some carintensive areas in the united states."" The United States produces a greater amount of greenhouse gasses. If we limited the use of our cars the United States would have better air making the United States a better place to live. The United States has a very large number of people already pulling away from using cars. According to "" The End of Car Culture"" by Elisabeth Rosenthal."" Americans are buying fewer cars,driving less and getting fewer licenses as each year goes by."" Cars are not needed for everyday use because people seem to get around greatly. Limiting the use of you care can greatly help everyone. The United States has a very large amount of unhealthy people. People who don't get to walk or do fitness regularly to be able to stay healthy and fit. Having limited the use of your car it would as help you mentally. In the article ""In Germany Suburb, Life Goes On Without Cars"" by Elisabeth Rosenthal Heidrun Walter a mother of two says "" When i had a car i was always tense. I'm much happier this way."" If a mother of two says that not using her car makes her happier. In the article ""Carfree day is spinning into a big hit in Bogota."" by Andrew selsky a businessman said "" It's a good way to take away stress and lower air pollution."" So if you ask me the would would be better without using cars everyday it's a win win situation. People all around the world are taking part in limiting the use of cars. People from Colombia to Pairs to Germany. People all over the word are all trying to help out the world by limiting the use of cars. In the article "" Carfree day is spinning into a big hit in Bogota"" by Andrew Selsky the author talks about how everyone took a ""car free"" This was Bogota's third straight year of no car day the only cars that were allowed to be on the road were those of busies or taxis. The violators that drove their car are faced with a fine of 25. In the text of ""The end of car culture"" by Elisabeth Rosenthal. She says that the worlds car culture is slowly coming to a end fewer people are getting their licenses and more are organizing their social lives and summer jobs around where they could was or take a buss to. The world is on a better path with people trying to limit the use of their cars. The world gets better and so do you. In the articel ""Carfree day is spinning into a big hit in Bogota "" by Andrew Selsky says that the business in the small town have also boomed "" Parks and sports centers also have boomed throughout the city uneven, pitted sidewalks have been replaced by broad, smooth sidewalks rush hour restrictions have dramatically cut traffic and new restraints and up scale shopping districts have cropped up."" So if everyone limited the use of their cars the everyone would win.",0
"The Electoral College should remaining our countries voting system when deciding whom the president of the United States will be. The Electoral College is a process our founding fathers established as a compromise between election of the President by a popular vote made by citizens Source 1, paragraph 1. Citizens elect electors who will then elect the president. This system is affective in many ways and shall not be abolished. These electors are conscious of every decision they make when deciding on our president and are here to look at things we may overlook. They are here to help us make the most affective decision. adderall, this is an enormous decision. It is the decision of whom the president of our country will be. The Electoral College has 538 electors and a majority of 270 electoral votes are required to elect the President Source 1, paragraph 3. After the presidential election, your governor prepares a ""Certificate of Ascertainment."" This lists the candidates whom ran for president in your state and the names of their respective electors. It is a well organized and thoughtout process. This process helps us make the best decision as a country on whom our future president will be. In source 2, paragraph 13, it states ""Because of the winnertakeall system in each state, candidates don't spend much time in states they know they have no chance of winning in."" Candidates don't take their time in these states because they don't want their beliefs and ideas shut down. They spend some time in these states. The electors for each state help them vote wisely, therefore the absence of presence by these candidates should not be a big ordeal. People want to abolish the Electoral College due to citizens not being able to vote for the president yet they do not realize what this system has provided for us. It provides organization and avoids many, many problems that would likely take place without the Electoral College. In source 3, paragraph 20, discusses how voters in tossup states are more likely to pay close attention to the campaign due to the fact they have recieved the most information and attention from the candidates. These voters are the most thoughtful and should be the ones deciding the election. Also, in paragraph 22, also in source 3 it states how there is pressure for runoff elections when no candidate wins a majority of the votes cast. That pressure is reduced by the Electoral College because it produces and reveals a clear winner. The Electoral College was created many years ago and has brought organization to our voting system. Why should we try to fix something that is not broken? Changing the system would be illogical. Electors are wiser at making these final decisions than we are. Wwe deserve an input, which we can all agree we recieve, but we shouldn't make the final decisions of our country aimlessly. Electors are people who know exactly what to look for in a president and they are more knowledgable on the subject. The Electoral College is the wisest process we can use in electing our presidents.",0
"thought them very wrong to give so much trouble, and was sure Jane would have caught cold again. But their father, though very laconic in his expressions of pleasure, was really glad to see them; he had felt their importance in the family circle. The evening conversation, when they were all assembled, had lost much of its animation, and almost all its sense, by the absence of Jane and Elizabeth. They found Mary, as usual, deep in the study of thorough bass and human nature; and had some new extracts to admire and some new observations of threadbare morality to listen to. Catherine and Lydia had information for them of a different sort. Much had been done, and much had been said in the regiment since the preceding Wednesday; several of the officers had dined lately with their uncle; a private had been flogged; and it had actually been hinted that Colonel Forster was going to be married. [Illustration] CHAPTER XIII [Illustration] “I hope, my dear,” said Mr. Bennet to his wife, as they were at breakfast the next morning, “that you have ordered a good dinner to-day, because I have reason to expect an addition to our family party.”",0
"the engagements which I have ventured to make on your side, I hope it will not be long before they are. All that is required of you is, to assure to your daughter, by settlement, her equal share of the five thousand pounds, secured among your children after the decease of yourself and my sister; and, moreover, to enter into an engagement of allowing her, during your life, one hundred pounds per annum. These are conditions which, considering everything, I had no hesitation in complying with, as far as I thought myself privileged, for you. I shall send this by express, that no time may be lost in bringing me your answer. You will easily comprehend, from these particulars, that Mr. Wickham’s circumstances are not so hopeless as they are generally believed to be. The world has been deceived in that respect; and I am happy to say, there will be some little money, even when all his debts are discharged, to settle on my niece, in addition to her own fortune. If, as I conclude will be the case, you send me full powers to act in your name throughout the whole of this business, I will immediately give",0
"and at the age of twenty-seven, without having ever been handsome, she felt all the good luck of it. The least agreeable circumstance in the business was the surprise it must occasion to Elizabeth Bennet, whose friendship she valued beyond that of any other person. Elizabeth would wonder, and probably would blame her; and though her resolution was not to be shaken, her feelings must be hurt by such a disapprobation. She resolved to give her the information herself; and therefore charged Mr. Collins, when he returned to Longbourn to dinner, to drop no hint of what had passed before any of the family. A promise of secrecy was of course very dutifully given, but it could not be kept without difficulty; for the curiosity excited by his long absence burst forth in such very direct questions on his return, as required some ingenuity to evade, and he was at the same time exercising great self-denial, for he was longing to publish his prosperous love. As he was to begin his journey too early on the morrow to see any of the family, the ceremony of leave-taking was performed when the ladies moved for the night; and Mrs. Bennet, with",0
"Of course, many people from all over the world are using cars for everywhere they go, however Elisabeth Rosenthal, Robert Duffer, and Andrew Selsky agree that the reduction of the usage of cars will benefit us an abundant amount. Therefore, if we all used our cars less, it will benefit our health, benefit our financial problems, and benefit our environment. Duffer and Rosenthal tells us about how using less cars will benefit our health. It would make us healthier by cleaning the up the pollution and smog in the air. ""Congestion was down 60 percent in the capital of France, after fivedays of intensifying smog.."" 14 This is saying that people in France were becoming significantly healthier in just 5 days without the use of cars. Not only only does it make you less sick, but it reduces stress. It reduces stress because you dont have to worry about maintaining a car. ""When i had a care i was always tense. im much happier this way"" 3 This is saying that its less stressful not having car, and makes people happier. Health is a primary factor in our lifes and taking cars away puts us in a better position. Rosenthal and Selsky tell us about how using less cars will benefit our financial problems. It would make us more money because they are not spending so much on gas, and components to keep the car in condition to drive. ""recent studies suggest that Americans are buying fewer cars, driving less, and getting fewer licenses as each year goes by"" 29 This is saying that people are not on the road alot, and if people arent on the road alot, they are not spending money. Not only does it save money on cars, but it helps you use other ways to get to places that arent expensive. It isnt expensive because people can find alternatives that dont need gas, and so much maintance. ""In a program that's set to spread to other countires, millions of Colombians hiked, biked, skated, or took buses to work during a carfree day yesterday.."" 20 This is saying that because they dont need to use cars and there are differerent routes to take, the need to spend money on transportation decreases. Money is important to gets the necessities we humans need, so saving is a big deal. Rosenthal and Selsky tells us about how using less cars will benefit our environment. It would better the environment because people will learn to communicate better. ""Likewise the rise in cell phones and carpooling apps has facilitated more flexible commuting arrangements, including the evolution of share can services for getting to work."" 35 This is saying that people learn how to share and to help one another out. Not only does it help communication, but it also helps helps people get outside and be active. It helps people get active because is they dont have cars, they have to keep themselves occupied or if they want to get to places, they have to walk, bike, etc. ""Parks and sports centers have also bloomed throughout the city: uneven, pitted sidewalks have been replaced by broad, smooth sidewalks.."" 28 This is saying that that the city is working with the people to help make the environment a better place with no cars. The environment is an important factor as well because we have to take care of the place we live in. In conclusion, Rosenthal, Selsky, and Duffer have shown that the reduction of the usage of cars will help us tremendously, and that having a healthier life, a greater amount of money, and a better environment will change the world.",0
"she longed to hear more; and was grateful to her uncle for saying,-- “There are very few people of whom so much can be said. You are lucky in having such a master.” “Yes, sir, I know I am. If I were to go through the world, I could not meet with a better. But I have always observed, that they who are good-natured when children, are good-natured when they grow up; and he was always the sweetest tempered, most generous-hearted boy in the world.” Elizabeth almost stared at her. “Can this be Mr. Darcy?” thought she. “His father was an excellent man,” said Mrs. Gardiner. “Yes, ma’am, that he was indeed; and his son will be just like him--just as affable to the poor.” Elizabeth listened, wondered, doubted, and was impatient for more. Mrs. Reynolds could interest her on no other point. She related the subjects of the pictures, the dimensions of the rooms, and the price of the furniture in vain. Mr. Gardiner, highly amused by the kind of family prejudice, to which he attributed her excessive commendation of her master, soon led again to the subject; and she dwelt with energy on his many merits, as they",0
"Voting for a president is one of the most important decisions you can make. This person you vote for will be changing the country for better, or for worse. Electoral colleges are a way to see what each of the states want, although some people don't seem to like it. However, I believe it is a good way to see the majorities of the states, which will take account for the majority of the country. Some people say that electoral colleges aren't a good way to determine which president is good for the country. They say that it's nondemocratic. source 3 However, you are still voting for the person you want. The people are still making a great contribution to the decision. Because in the big picture, your vote really does count. It's a lot better than not being able to contribute at all. Of course things can be better, but the thing is everything can be better in some way. Theres no such thing as something that can't be improved in some way. And there is obviously no way at all that you will be able to please everyone. So I think the electoral college is a good way to average up all the votes. While there are a lot of variables in this system, it would be difficult to come up with a more solid way. The main complaint is that people think that this system is not a good way to show who the people really want. However, I think this is is not true. You are voting to get the electoral college votes for the president you think will do a better job guiding the country. Your vote truly does count. It adds more chance of the electoral college voting for your side. It shows that all the states are one, and the majority vote shows what side the people of the state want. And that seems like a nice idea to me. Some of the counter arguments for electoral colleges is that the bigger states get more recognition. And this is true, but isn't that how it should be? Theres more people in the bigger states, so there will be more votes. However, they all count the same, so they don't really get any special advantage. The electoral college is a fair way to really show what the country wants, and some people don't like it, and I think this is a normal occurance. The electoral college is a good way to show what all of the states want, by putting the majority vote into account to put electoral votes to show what president should be the leader of the country. There are admittedly some problems to it, but I think there would be even more problems with putting it to a popular individual vote. Every system has it's quirks, but overall, the electoral college is a great way to put all of the votes into account, and it's very more organized in the long run. It may not work for everyone, but honestly, nothing can.",0
"Dear state senator, I'm writing to you today regarding my concerns on our voting method for the president of the United States. Although we've been voting by the electoral college for how ever many years, I don't think it is the most efficient and fair way of voting. Our Chamber of Commerce, former vice president Richard Nixon and many more would have to agree with me when I say that abolishing the electoral college could only be beneficial to us. The electoral college system is unfair, confusing and forces people to compromise. The electoral college is unfair, being that voters don't always control who their electors vote for, opposed to election by popular vote. One reason why America strives is the fact that we are a democracy, where every one gets a say and we are not ruled by a dictators or communist. The electoral college in no way follows our democratic system, the people are not voting for our president our electors are the ones voting for us. Not only is the electoral college unfair but it is also confusing. For new voters they may be confused by the electoral college. New voters may wonder why can't I just vote for the candidate I most prefer. Think about it like this, in the electoral college the electors are the middle man. Why not cut the middle man out? And as a result make the voting system much simpler. People may agrue that the electoral college system stops a majority vote. So let's say, you're a democrat living in the state of Texas with the electoral college system in place. You might as well not vote for an elector cause the majority of the people in texas are going to vote for the republican elector. On the other hand, there is the election by popular vote, gives everyone a say in whom they'd like to vote for. There is always the possibility of the disater factor. After sharing my concerns with you state senator, I hope you understand where I am coming from.",0
"Dear Senator I am not in favor of keeping the Electoral College. We should not keep the Electoral College for many reasons. Richard Nixon, Jimmy Carter, Bob Dole, the U.S. Chamber of Commerce, and the AFLCIO all agreed on one thing, and it was abolishing the Electoral College. Another reason being, under the Electoral College System, voters vote for a slate of electors, not the president and in return they select the president. Last but not least, the Electoral College is unfair to voters. Richard Nixon, Jimmy Carter, Bob Dole, the U.S. Chamber of Commerce, and the AFLCIO all agreed on one thing, and it was abolishing the Electoral College. This was also agreed upon by many other citizens. According to a gallop Poll in 2000, which was taken shortly after Al Gore won the popular vote, but lost the popular vote. According to the poll ""over 60 percent of voters would prefer a direct election not the kind we have now."" It is said that ""this year voters are to expect another close election in which the popular vote winner could again loose the presidency."" Under the Electoral College System, voters vote not for the president, but for a slate of electors, who in return elect the president. Because of this there are so many questions asked that are answered very broadly due to the fact you do not really know the correct answer. For instance, who are the electors? They can be anyone not holding the public office. Who picks the electors in the first place? It depends on the state. Sometimes state conventions, Sometimes the State Party's central committee, and sometimes the presidential candidates themselves. Man oh man is the Electoral College unfair to voters! This may be an opinion, but it is on of many citizens who are all in agreement of it."" All of the ""winnertakesall"" systems in each state, candidates do not spend time in each states they know they have no chance of winning, focusing only on the tight races in the ""swing"" states."" In fact in the 2000 campaing there were seventeen states the did not see the candidates at all and it was said that voters in 25 of the largest media markets did not even get to see a single campaign ad. "" if anyone has a good arguement for putting he fate of the presidency in the hands of a few swing voters in ohio, they have yet to make it...."" As you can see I am in favor of changing the elctoral college to election by popular vote for the president of the United States of America. Richard Nixon, Jimmy Carter, Bob Dole, the U.S. Chamber of Commerce, and the AFLCIO all agreed on one thing, and it was abolishing the Electoral College. Under the Electoral College System they vote not for the president but for a state of electors who in return elect the president. Last but not least, the Electoral College is just unfair in so many differnt ways. These are reasons why I am not in favor of the Electoral College but in the favor to elect by popular vote for the president of the United States of America.",0
"Dear Florida's state senator, Everyone, whether old, young, tall, or short, have an opinion. In America, we have many amendments protecting us so we can share our opinions with whomever we want. However, the electoral college is flat out taking away our right to share our thoughts about the future leaders of the nation. The electoral college is irrational, and unfair. The most basic reason why the electoral college is unfair to our country is because not everyone is fairly represented. For example, there are 55 representatives in California to represent 35 million voters. As you can see, it is an unfair ratio. It is impossible for the House's votes to reflect the views of the people in California. That also means that since each state only has one fianl vote, a state such as Wyoming, who has 500,000 voters, would have as much say as California, with 35 million. California has more people, and my making every state have equal representation, it is messing up representation in states like California. In the system we have today, it is very easy to have a deadlocked election. In 1968, a mere 41,971 votes would have caused a major deadlock in the election. The same thing happened again in 1976, if 5,559 votes in Ohio and 3,687 votes in Hawaii decided to vote differently. In both cases, and few thousand votes could have caused a serious disaster. History tends to repeat itself, so if the almost exact situation happened in the span of less than ten years, what makes you think it won't happen again? The electoral college creates an unfair system to gaining votes. In 2000, 17 states, including Rhode Island and South Carolina, who are home to some of the largest media markets, didn't even get the chance to see a campaign ad. If you were a candidate, wouldn't you want your ad to be seen in the some of the largest media markets? The candidates had already thought they won those states, which is a ignorant move to make. Because of the electoral college, and the unspoken rules that have been set in place about certain states views, the candidates missed a greatly helpful opprotunity to gain more votes. However, many might think that the electoral college is a good system because it gives a clear winner, and it makes the states have equal representation. If the people are barely being represented, and a state with less than a million voters has as much say as a state with 35 million voters, then it doesn't matter if the process gives a clear winner. The people want to have a say, not someone choosing for them. The electoal college may have been a good idea back when it was first created, however, times are changing and the number of people being able to vote is growing day by day. The voters want to give their opinion through voting, and by having the electoral college in place, it is making voting unfair, irrational, and nearly impossible to do. Thank you for your time.",0
"To keep the Electoral College, or to switch to election by popular vote for the President of the United States, anyone can see the right answer is to keep the Electoral College, despite it not being the most democratic choice around. Many see it as being a waste of time, seeing as how they truly can't vote for the President they want. Yet most still can't see that the Electoral College is not the most easiest thing to get rid of. It has been with them ever since their Founding Fathers established it along with the Constitution. Keeping the Electoral college is best for the US, even if it isn't that fair to the people. But first, what is the Electoral College anyways? Well, the Electoral College is not an actual college, its actually a process. The Founding Fathers made it as ""a compromise between election of the President by a vote in Congress, and election of the president by a popular vote of qualified citizens"", as stated in paragraph one of the article, lines 36. A somewhat tedious task to get voted for a whole entire country, but it gets the job done. The Electoral College system has been reported as ""unfair, outdated, and irrational."" paragraph 14, lines 1 and 2. Most of what that statement does say is true, it is pretty unfair to the people who want to vote for their president, it's extremely outdated and needs an update fast, and its pretty irrational at times. Yet does that mean it can be bad? No, not really. As stated in paragraph 16, lines 13 ""Each party selects a slate of electors trusted to vote for the party's nominee and that trust is rarely betrayed"". The statement means that basically each slate chooses some electors that go with the popular vote, and they are shipped off to go and submit the votes and the electoral votes, where the task they are given is rarely betrayed, or not done. Yet, the word rarely still sticks, and not many can just simply deny that it is not there. The rest of the statement in paragraph 16 continues onto lines 46, ""however, it is entirely possible that the winner of the electoral vote will not win the national popular vote."" So in simple terms, you can get the electoral vote which can put you ahead, but you won't win with just that under your belt. The people still matter, and their vote can still count against you. 1Certainty of Outcome certainty of outcome basically states that anything can happen, but anything bad won't neccesarily always happen. Let's take paragraph 18 for example, which talks about this reason. It states in lines 1619, ""A tie in the nationwide electoral vote is possible because the total number of votes538 is an even number, but is highly unlikely..."" Anything can happen, even a tie. 2Everyone's President is as it states. The President is everyone's , not just the people in the south, north, or anywhere in the United States. If anyone just simply appealed to a certain region in the US, the other regions would feel as if ""the new president will have no regard for their interests, that he really isn't their president"" paragraph 19, last line. 3Swing States, the main practice of the Electoral College. The higher the state has with electoral votes, the more likely the canidate will be able to win. However, ""Voters in tossup states are more likely to play close attention to the campaignto really listen to the competing canidatesknowing that they going to decide the election"" paragraph 20, lines 48. This means that they will not be easily be persuaded. 4Big States, as some can guess from the phrase, 'Bigger is better', that phrase truly shines here. the bigger states, such as California or Texas, have higher electoral votes than some of the smaller states, such as New Jersey or Rhode Island. As it states in paragraph 21, lines 912, ""So, other things being equal, a large state gets more attention from presidential canidates in a campaign than a small state does..."" 5Avoid Runoff Elections, where ""The Electoral College avoids the problem of elections in which no canidates receives a majority of the votes cast."" paragraph 22, lines 13 That means that the Electoral College tries to make sure that their is no tie. Those are the reasons why the Electoral College should not be abolished. Surely someone can put up a counter argument to make this small article to shame, but in the end its truly all of the matter of opinions, where no ones is truly ""the best"" or ""true"". This is simply the opinion of many in the US.",0
"Every four years america as a whole chooses on who should be the president of the united states. The process of election is straight forward and always follows the same process every election. The american citizens vote on one of the two candidates, then those votes are counted and giving to the electors, then the electors of each state representing the population of said state including the District of Columbia votes one of the candidates, after all votes are tallied the winning candidate is elected president. Overall this system seems rather complicated and can be seen as an unfair process at which only to vote on who takes charge of america. The electoral college should be replaced by who receives the most popular votes from all american citizens and not the state electoral. Electoral college is a process created during the founding of the united states as sort of a ""middleground"" or compromise on how the people of the country should elect the president . In order for a president to be elected out of the 538 electors that make up the electoral college he or she must at least receive 270 votes . Each president has a group of electors that process your votes in order to choose who the state votes for making it in a ways unfair. This system can come with its own set of problems that include replacement of electors, electors voting to who they feel, and at times one candidate gaining the most popular vote but losing the chance of presidency because of the lack of electoral votes form the state . An example of the unbalanced power is the near success of the louisiana legislature replacing the democratic electors in the 1960, segregation with new ones that would oppose against John F. Kennedy making him lose the popular vote. The best replacement for the electoral college is to allow the citizens of america to vote upon who should be the president of the U.S without the need for electors. The candidate that receives the most votes is the one who becomes the president of the united states. In order to process all possible millions of votes into a rational percentage and the candidate with the higher percentage would in turn become president. With this in mind the candidates would need to visit all or largely selected states in order to deliver campaign speeches to persuade the population to vote for them, because with the electoral college system candidates would focus mainly on tight races in the ""swing states"" practically ignoring other like in the 2000 campaign seventeen states didnt see their candidate . The electoral college only focuses on the large numbers and not on the smaller population that can still make a difference making the system unfair. Making them only focus on the big states because how many electoral votes it could bring compared to a smaller state which could possibly only supply three. On the other side electoral college does have a good standing as a method of vote. Electoral college has five good reasons on why it shouldn't be replaced and they are certainty of outcom, everyone's president, swing states, Big states, and avoid runoff elections . Each campaign party chooses their electors which rarely end in betrayel making it possible to win the election with low popularity votes. The electoral system also gives the candidate a chance to win in a ""landslide"" because of the winnertakeall basis at which it follows . No region has enough votes to elect a president also the electoral college needs to have transregional appeal. And the main goal of the electoral college is to obviously elect a new president but as well avoid runoff elections. The electoral college is an unfair system of voting because of how it all depends on a small group of selected representatives and not all of the american population as a whole. Even though it can be regarded as a fair middle ground it still has its flaws and doesnt reach out to society as a whole only focusing on the states that can lead to victory, casting out those who's electoral votes will not make much of a difference. In the end the voting system should mainly focus on popularity of a candidate than what the ""state"" feels they should vote for because of how many votes they actually received for a given candidate due to the fact that it may end up voting on which who they feel and refuse to vote for their partys candidate. The electoral system should be replaced.",0
"Smog. Gas. Pollution. Many countries dont allow for people to have cars because they destroy the air that they are breathing. People and animals become sick from there being an abundance of pollution in the air that they are breathing. Another factor that can be taken into consideration is that it can reduce the amount of traffic jams as well. Do you think that the community that you live is effected by the pollution from cars. To start off, many districts are forbidding people have cars. In places near French and Swiss borders, citizens are forbidden from parking on streets, driveways, and home garages. Citizens say that they feel less tense and happier without having their car. Source 1 states that "" Vauban is separating suburban life from auto use as a component of ""smartplanning."" In Elisabeth Rosenthal's passage it says that ""Passenger cars are responsible for 12%percent of greenhouse gases emissions in Europe..... and up to 50% in some carintensive areas in the United States. In Europe forbidding car use it is drastically reducing greenhouse gas emissions from tailpipe. Over the past couple of decades, maybe even centuries we have been centered around the automobile that has effected out health and daily lives because of the increase of pollution. Also, the streets in Europe are not as crowded as the streets in the United States. Paris, more smog than any other European capital, has began to enforce a partial banning of cars to help clear the cities air. Cars that run off of diesel gas tend to create more pollution than cars that run off of regular gas. Sixtyfive percent% of France's vehicles are fueled with diesel gas. By limiting the usage of these cars they will be contributing to the decrease of gas in the air. The increase of pollution has created a solution to help and decrease polluted air by making plugin cars, hybrids, and cars that are able to transport more than one person at a time. Records and studies show that Beijing,China is one of the many polluted cities in the world. Another fact that is an advantage of limited car usage is little to no traffic jams. In Colombian millions have began the day without cars where they use alternative forms of transportation such as walking, biking, skating, and riding buses. ""Day with out Cars"" has promoted the use of alternative forms of transportation and smog reduction. Since adults children and teens have reduced the limit of car usage the Mayor of Mockus has began the construction process of an 118 miles of bicycle paths, new parks, sidewalk, restaurants, and upscale shopping districts have been created for them to go to on their free time. Many people have began to not be as interested in driving because gas prices, as well as pollution. Their are many advantages to not limiting the usage of the automobile. It has reduced the amount of money that we spend, pollution and much more is also has helped us notice that there are alternatives to driving a car such as walking, riding the bus, and bike riding. You are also able to interact more with friends because the topic of car pooling has became very important and noticable. Those are just a hand full of ideas and ways that limiting the usage of cars is effective.",0
"In deciding on who will be in charge of our nation for four years, the people should be able to choose who they want and not be giving the decision to 538 people from the Electoral College when there are millions of people in the United States of America. The Electoral College should be removed because it is not fair to the people and the Electoral College is not organized. By changing the election to a win by popular vote, people can ensure its them deciding the future. Who knows how many times a candidate as president has won a state but it wont even count because the electoral College decides another. An Electoral College is unfair to the people voting. Although changing it may be something shocking because of how long we have had it, like in passage 2 paragraph 14 it is ""outdated and irrational."" For example, as said in paragraph 11 of source 2, when the author states that some Electors haver voted for who THEY want instead of their party's candidate. This shows that the Electoral College can be fraud or fake. Who knows if we dont stop it now, what if the number of Electors that do that go up, our nation could depend on this. That's another thing. Our president affects how our nation is treated for 4 years and maybe even 8 if they are voted into office again. Why leave a big decision on a couple hundred people when there are millions waiting to get their right to choose. A second reason to remove the Electoral College, is that it is not organized. If we remove them, we can avoid the messiness of elections where no candidates gets the majority votes as said in passage 3 paragraph 22. Another example is in source 2 paragraph 10, when stated that when people are voting for the presidents electors, many get confused and end up voting the wrong person. That can be big issue and is caused because of the organization of the Electoral College. This can be prevented by letting the popular vote of the people count instead of Electors. In conclusion, the Electoral College is something that was successful in the past. If we start now we can slowly remove them, and head into a fair presidential election by letting the popular vote of the people decide who is president. Our president should be someone the majority of the people agree with, and not people who are willing to go with whoever they want instead of the majority of the state they represent.",0
"When were voting for president were not technically voting for the president in fact we are voting for the slate of electors. The electors can be anyone without a public holding office. Electoral college process is not a good process for presidency. While a president can get the majority of the popular vote on the other hand, he could have the minority of the electoral college votes. That president would lose the election even though he technically had the most votes. We should change the process into popular votes for the president. The electoral college can or will defy the will of the people. The article ""The indefensible Electoral College: Why even the bestlaid defenses of the system are wrong ,by Bradford Plumer it quoted ,Back in 1960,segregationists in the louisiana legislature nearly succeeded in replacing the Democratic electors with new electors who would oppose Jhon F. Kennedy.So that a popular vote for Kennedy would not have actually gone to Kennedy.The election whould have gone the other way if the due to the electoral college. The electoral college are way too risky to take on. just simply couple of unwilling electors can change the tide of the election. The electoral college is a unfair process because of the winnertakeall system. In the article called What Is The Electoral College"", by the office of the federal register it quoted most states have a winnertakeall system that awards all electors to the winning presidential candidate. In the other article ""The indefensible Electoral College: Why even the bestlaid defenses of the system are wrong ,by Bradford Plumer it quoted , candidates don't spend time in states they know they have no chance of winning, focusing only on the tight races in the swing states. Electoral college is a unfair process because of the winner take it all. The winner takes it all system is a unfair process for the American citizens. even with a slightly change in the electoral college could change the tide or even cause a tie in the election. In conclusion,The electoral college is a unfair process that has cause presidential election to change. The best results for electing president is by the popular vote. Obviously popular votes sounds more efficient and a clean election. The winnertakes it all process counterfits the number of american citizens voting result. Eletoral college process is an extra step to the election with more problems than barely any benefits. Electoral college should be change and alter in to a different process with clean votes that'll actually be fair for once.",0
"it be only a slight, thin sort of inclination, I am convinced that one good sonnet will starve it entirely away.” Darcy only smiled; and the general pause which ensued made Elizabeth tremble lest her mother should be exposing herself again. She longed to speak, but could think of nothing to say; and after a short silence Mrs. Bennet began repeating her thanks to Mr. Bingley for his kindness to Jane, with an apology for troubling him also with Lizzy. Mr. Bingley was unaffectedly civil in his answer, and forced his younger sister to be civil also, and say what the occasion required. She performed her part, indeed, without much graciousness, but Mrs. Bennet was satisfied, and soon afterwards ordered her carriage. Upon this signal, the youngest of her daughters put herself forward. The two girls had been whispering to each other during the whole visit; and the result of it was, that the youngest should tax Mr. Bingley with having promised on his first coming into the country to give a ball at Netherfield. Lydia was a stout, well-grown girl of fifteen, with a fine complexion and good-humoured countenance; a favourite with her mother, whose affection had brought her",0
"Driving can be a huge hassle. Having to spend money on gas, making sure to not go over the speed limit, and being a safe driver at all times to avoid any accident. There are many advantages to limiting car usage. Such as helping out our economy and reducing pollution, having alternative ways to get places, and not spending money on a car. In not driving you would be the one to benefit from it. Living in a world that constantly looked beautiful and being able to breath in clean air would be a wonderful thing. We could all make this happen by not driving so often or at all. Cars let out gases that ruin our air. Excessive driving with all the fumes coming out damages our air. Not driving can make a tremendous difference. In ""Paris bans driving due to smog"" according to Duffer in paragraph 5 he described, ""Congestion was down 60 percent in the capital of France, after fivedays of intensifying smog."" After banning driving, France managed to make a stunning change. Transportation is the second largest source of America's emissions, just behind power plants. There are many alternative ways to get places. Such as riding a bus, walking, biking, and so much more. Public transportation is nothing to be afraid of. Doing so helps our community. In the passage ""In German Suburb, Life Goes on Without Cars"" according to Rosenthal in paragraph 7 he suggests, ""all of our development since World War II has been centered on the car, and that will have to change,' said David Goldberg, and official of transportation for America, a fastgrowing coalition of hundreds of groups in the United States... who are promoting new communities that are less dependent on cars."" Spending money on a car takes big bucks. There are an abundant amount of other alternatives than spending money on a car that damages the ozone. There are other ways to put your money into good use than spending it on a car. The amount of people wanting to do this could lead to negative implications for the car industry. In ""The End of Car Culture"" according to the author in paragraph 6 she implies, ""Companies like Ford and Mercedes are already rebranding themselves ""mobility"" companies with a broader product range beyond the personal vehicle."" In conclusion, there are many advantages of limiting car usage. Help not just your community, but the world. Every little thing matters, no matter how miniscule your action is. Not driving helps reduce greenhouse gas emissions, saves a big part of your money, and you have alternative options for transportation. Think of the ways you will be helping our world.",0
"bestow.” Miss Bingley immediately fixed her eyes on his face, and desired he would tell her what lady had the credit of inspiring such reflections. Mr. Darcy replied, with great intrepidity,-- “Miss Elizabeth Bennet.” “Miss Elizabeth Bennet!” repeated Miss Bingley. “I am all astonishment. How long has she been such a favourite? and pray when am I to wish you joy?” “That is exactly the question which I expected you to ask. A lady’s imagination is very rapid; it jumps from admiration to love, from love to matrimony, in a moment. I knew you would be wishing me joy.” “Nay, if you are so serious about it, I shall consider the matter as absolutely settled. You will have a charming mother-in-law, indeed, and of course she will be always at Pemberley with you.” He listened to her with perfect indifference, while she chose to entertain herself in this manner; and as his composure convinced her that all was safe, her wit flowed along. [Illustration: “A note for Miss Bennet” [_Copyright 1894 by George Allen._]] CHAPTER VII. [Illustration] Mr. Bennet’s property consisted almost entirely in an estate of two thousand a year, which, unfortunately for his daughters, was entailed, in default",0
"The advantages of limiting car usage result in a healthier environment for you and your children, exercise by walking or riding a bike, and saving money on parking and gas. Limiting car usage would be beneficial for the environment because the gas wouldn't polute the air. Green house gas emissions from tailpipe polute the air that everyone is breathing. If the car usage was limited, then the air would start to become fresh again. Stated in the passage, ""Passenger cars are responsible for 12 percent of greenhouse gas emissions in Europe... and up to 50 percent in some carintensive areas in the United States."" This exerpt from the passage ""CarFree Cities"" explains that Europe's percentage is too high and they need to drop it fast or the percentage will grow and the greenhouse gas emissions will increase. Limiting car usage isn't a big move like most people are making it out to be. Walking to pick up your child from school isn't such a bad thing! It gives you bonding time to spend with them outdoors. You can walk or ride a bike to the park to play. Especially if it is less than 1 mile! Walking is a great way to exercise and its free! FREE! This component of ""smart planning"" could work if eveyone helped by reducing car use. Having a car is expensive! You have to pay for gas, which is expensive, and you have to pay to park your car! If you live in the area where you want to go, walk! But if you're going to the grocery store, obviously you would take your car if you're getting a lot at the store. You have to pay to park in the parking garage and that is 40,000 with a house. The passage ""CarFree Cities,"" states that ""70% of Vauban's families do not own cars, and 57% sold a car to move here."" In that town, everything is pretty close to each other so you don't have to drive anywhere. If you needed to go visit a family member in a different city, the the train! It's fun, free, and calming. As you can see, you don't need to drive a car. Yes, you can drive a car, but why would you? You have buses, and trains, and other ways of transportation. This way, you don't have to pay for gas to go to the park. Not using your car is healthy for the environment and it's great exercise. It's a good way to get outdoors and have a nice walk. So please, just try using your car a little bit less everyday and soon enough, you will rarely use it, the air will be fresh, and you'll be taking some nice strolls in the park with your family.",0
"Cars have been a part of our culture and society for a very long time now, but this might need to change as limiting the usage of care would lead to substance benefits to our society. these benefits are a lowered carbon footprint, not having to spend as much on upkeep and lowered public transportation costs, and more closely knit communities with healthier people. To begin, limiting car usage would greatly reduce our carbon footprint thus help the environment. This is because emissions from cars produce around 12 percent of the greenhouse gasses in Europe and could be up to 50 percent in certain carintensive areas in the United states. If we where to cut down on driving there would be a significant reduction in the pollution in the environment. Paris is already enacting laws around this where only people with odd license plates where able to drive one day and even plate numbered cars the other. This has lead to less congested roads and lower amount of smog in the city. Another draw to limiting car usage lies in lowered cost of public transportation and less money having to be spent on car upkeep and insurance. If people where to use more public transportation instead of personal cars people not have to worry about needing a car and instead keep the money that would normally go to upkeep and insurance to use on other things. Furthermore if public transportation became more nessisary, then public transportation will be cheaper such as in Paris where public transportation became free for the week when they where testing the new law. Lastly with a reduction in car usage there would be better suburban planning like in Vauban, Germany and people getting more exsersize. Over in Vauban driving cars is severly limited so locations like shopping centers are a walk away from houses and the city is more closly knit with more bike and pedestrian paths. With people walking more that would help with the growing obesity problem Amarica is currently facing and could lead people to live healthier lifestyles In conclusion limiting car usage would be a very fruitful endevear because of the reduction of our carbon footprint, not having to pay car insurance and lowered cost of public tranportation, and more closly knit communities away from the roar of an engine the world would be much better off.",0
"was on the point of being closed, when he suddenly reminded them, with some consternation, that they had hitherto forgotten to leave any message for the ladies of Rosings. [Illustration: “They had forgotten to leave any message” ] “But,” he added, “you will of course wish to have your humble respects delivered to them, with your grateful thanks for their kindness to you while you have been here.” Elizabeth made no objection: the door was then allowed to be shut, and the carriage drove off. “Good gracious!” cried Maria, after a few minutes’ silence, “it seems but a day or two since we first came! and yet how many things have happened!” “A great many indeed,” said her companion, with a sigh. “We have dined nine times at Rosings, besides drinking tea there twice! How much I shall have to tell!” Elizabeth privately added, “And how much I shall have to conceal!” Their journey was performed without much conversation, or any alarm; and within four hours of their leaving Hunsford they reached Mr. Gardiner’s house, where they were to remain a few days. Jane looked well, and Elizabeth had little opportunity of studying her spirits, amidst the various engagements which",0
"her master and his sister. “Is your master much at Pemberley in the course of the year?” “Not so much as I could wish, sir: but I dare say he may spend half his time here; and Miss Darcy is always down for the summer months.” “Except,” thought Elizabeth, “when she goes to Ramsgate.” “If your master would marry, you might see more of him.” “Yes, sir; but I do not know when _that_ will be. I do not know who is good enough for him.” Mr. and Mrs. Gardiner smiled. Elizabeth could not help saying, “It is very much to his credit, I am sure, that you should think so.” “I say no more than the truth, and what everybody will say that knows him,” replied the other. Elizabeth thought this was going pretty far; and she listened with increasing astonishment as the housekeeper added, “I have never had a cross word from him in my life, and I have known him ever since he was four years old.” This was praise of all others most extraordinary, most opposite to her ideas. That he was not a good-tempered man had been her firmest opinion. Her keenest attention was awakened:",0
"I have an opinion that I know others will agree with extremely. By popular vote, we should change the election process to The People voting directly. According to my knowledge, the Electoral College isn't fair to voters. I know that many people such as, Richard Nixon, Jimmy Carter, Bob Dole, U.S. Chamber of Commerce, and the AFCCIO agree with me on this. For instance, in the second passage on the first paragraph, it says that and much more. ""They're not alone Richard Nixon, Jimmy Carter... according to a gallop poll in 2000, taken shortly after Al Gore thanks to the quirks of the Electoral College won the popular vote but lost the presidency, over 60 percent of voters would prefer a direct election to the kind we have now."" Suggesting by what this statement says, a lot of people disagree with our system of election. We should be able to vote directly ourselves and not have electors do it for us. How do we know we can trust them? Yes, they're a part of our government, but that doesn't mean a thing. The Electoral College was originally founded to be exactly what it is today a vote that is held in Congress that is made by popular vote by citizens. But it has changed more than you think. In article one in the 6th paragraph, it tells exactly how the Electoral College is run. ""The presidential election is held every four years on the Tuesday after the first Monday in november. You help choose your state's electors when you vote for President because when you vote for your candidate you are actually voting for your candidate's electors."" This paragraph is saying that the person you vote for is basically supposed to be voted for by his electors. In the second article, what the author is saying is that even though this certain person will get popular vote, they won't agree with it and they'll go against the votors decisions. This isn't the right thing, obviously. I'm sure that no one knows for a fact that's true though. Even though, this is still a messed up way to vote. This country is about freedom and the right to do what we'd like, as long as it's rational. This is not rational. We need to be able to vote independently. There are many things wrong with this aspect of our government. Even though people don't think much of it, we're being treated unfairly. In the second article, in paragraph 2, Plumer the author makes a very good point. ""Who are the electors? They can be anyone not holding public office. Who picks the electors in the first place? It depends on the state. Sometimes state conventions, sometimes the state party's central committee, sometimes the presidential candidates themselves. Can voters control whom their electors vote for? Not always. Do voters sometimes get confused about the electors and vote for the wrong candidate? Sometimes."" This makes us realize that we don't know who, for a fact, the electors are. It also shows that we don't know who the electors will vote for. Usually, they would probably vote for the person that were made to vote for. None of us know what goes on in the Electoral College. We don't know if they vote for who we tell them to vote for. We don't know if they practically cheat us from getting the president we want. In article one, paragraph 8, there is something that the governor does that maybe is supposed to reassure us. ""After the presidential election, your governor prepares a ""Cerificate of Ascertainment"" listing all of the candidates who ran for President in your state along with the names of their respective electors."" This is just them saying who was all voted for and who all ran. It also says who the electors were. They give us this probably just to notify us but maybe it's also an idea to make us think that Electoral College is proud to help us get who we want. As I have said through this whole letter, we deserve to directly vote for our President. This isn't fair to us or the person we want elected.",0
"Cars are a luxury, but others take them for granted. Many people around the world operate cars every single day! Very few people around the world do not own a car, or have never operated one. In Vauban, Germany, residents of an upscale, high class community have decided to give up on cars. vaughn's streets are entirely ""carfree"" except the in the city where the tram to downtown Freiburg runs, and a few streets on one edge of the community. Don't get Germany wrong, you are allowed to own a car, but there's very few places to park the car you own. The only placed you can park are large garages at the end of your neighborhood or development, but parking isn't free here. You must buy a space for 40,000, along with the price of your home. 70 percent of vaughn's citizens do not own cars, and 57 percent alone sold their car to move there. ""When I had a car I was always tense. I'm much happier this way,"" said Heidrun Walter, a media trainer and a mother of two. Vauban, Germany completed in 2006, is an excellent example of a growing trend in Europe, the United States, and other places to separate suburban life from auto use, as a component of a movement called ""smart planning."" According to Elisabeth Rosenthal who wrote, ""In German Suburb, Life Goes On Without Cars."" Cars can either be a blessing or a mistake. Cars can tend to put out polluting gases, and endanger our earth. In Paris, all driving was banned due to smog. On a Monday, motorisits with evennumbered license plates were ordered to leave their cars at home or suffer a 31 fine. The same would apply to the oddnumbered plates the following day. The car emissions were trapped by a warmer layer of air, because of cold nights and warm days. Congestion in Paris, France wa down 60 percent after just fivedays of intensifying snog. This caused the smog to rival Beijing, China, which is known as one of the most polluted cities in the world. That's pretty bad to be competing with China. The Monday where all cars were banned, the smog cleared enough for the ruling French party to rescind the ban for oddnumbered plates the following day. Now, what about a car free day? In Bogota, Colombia, there was a car free day. Every citizen either had to hike, bike, skate, or take buses to work during this carfree day. This car free day caused the city to not have any traffic jams, and no accidents at all. This isn't just the first year that Colombia decided to do this, but it was the third! This day is specifically called, ""Day Without Cars."" 7 million citizens were expected to find a different way to go to the destinations they needed to reach, without their trusty cars. Bogota receives a vast amount of rain storms each day, but the turnout was still at large. ""The rain hasn't stopped people from participating,"" said Bogota Mayor Antanas Mockus. Many citizens of Bogota said that this day takes away not only their stress, but also a ton of pollution. ""It's a good opportunity to take away stress and lower air pollution,"" said businessman Carlos Arturo Plaza as he and his wife rode a twoseat bicycle. Almost every single citizen in the United States of America owns or drives a car every single day. This has left researchers pondering a fundamental question: Has America passed the peak of driving? The United States is known for its broad expanses and suburban ideals, and has long been known for one of the world's prime car cultures. It is indeed the birthplace of Model T the home of Detroit the place where Wilson Pickett immortalized ""Mustang Sally."" Lately America's love addiction with motor vehicles seems to be settling down. As of April 2013, the number of miles driven per person was nearly 8 percent below the peak and equal to where the country was in January 1995. Most of the explanation to this certainly comes from recession, because broke Americans could not afford new cars, and the unemployed weren't going to work anyway. ""What most intrigues me is that rates of car ownership per household and per person started to come down two to three years before the downturn,"" said Michael Sivak, who studies the trend and who is a research professor at the University of Michigan's Transportation Research Institute. ""I think that means something more fundamental is going on,"" he also said. All of these changes, people who stopped car commuting as a result of the recession need to find reasons NOT to resume the habit of driving and spending stupid amounts of money on gasoline. The state of New York has a new bikesharing programs and its skyrocketing bridge and tunnel tolls refelct those new priorities, as do a proliferation of carsharing programs across the nation. A study last year found that driving by young people decreased 23 percent between 2001 and 2009. Many people around the world have cut driving out of their life for many reasons. Some being safety, money, and pollution.",0
